{"name":"47bad451-db26-40af-97ea-3a7cfad5323f","id":"/providers/Microsoft.Flow/flows/47bad451-db26-40af-97ea-3a7cfad5323f","type":"Microsoft.Flow/flows","properties":{"apiId":"/providers/Microsoft.PowerApps/apis/shared_logicflows","displayName":"OBJNotificacion","definition":{"metadata":{"workflowEntityId":null,"processAdvisorMetadata":null,"flowChargedByPaygo":null,"flowclientsuspensionreason":"None","flowclientsuspensiontime":null,"flowclientsuspensionreasondetails":null,"creator":{"id":"57f44912-7f48-4519-923b-95a971581b92","type":"User","tenantId":"fd69ce1b-20c6-42ec-b54e-6d1b3870ac6e"},"provisioningMethod":"FromDefinition","failureAlertSubscription":true,"clientLastModifiedTime":"2025-10-01T02:57:38.260363Z","connectionKeySavedTimeKey":"2025-10-01T02:57:38.260363Z","creationSource":null},"$schema":"https://schema.management.azure.com/providers/Microsoft.Logic/schemas/2016-06-01/workflowdefinition.json#","contentVersion":"1.0.0.0","parameters":{"$connections":{"defaultValue":{},"type":"Object"},"$authentication":{"defaultValue":{},"type":"SecureObject"}},"triggers":{"When_an_item_is_created_or_modified":{"recurrence":{"frequency":"Minute","interval":1},"splitOn":"@triggerOutputs()?['body/value']","metadata":{"operationMetadataId":"02d02bf3-1c6d-452c-88ca-a1f7f4424851"},"type":"OpenApiConnection","inputs":{"host":{"apiId":"/providers/Microsoft.PowerApps/apis/shared_sharepointonline","connectionName":"shared_sharepointonline","operationId":"GetOnUpdatedItems"},"parameters":{"dataset":"https://universidadmag.sharepoint.com/sites/DesarrolloSoftware","table":"f17c8f8e-cc7f-4967-bb0c-c7b4f0abe3ef"},"authentication":"@parameters('$authentication')"}}},"actions":{"Get_items":{"runAfter":{},"metadata":{"operationMetadataId":"34ba3617-00ad-470a-9d0b-1f13a1ed8b6d"},"type":"OpenApiConnection","inputs":{"host":{"apiId":"/providers/Microsoft.PowerApps/apis/shared_sharepointonline","connectionName":"shared_sharepointonline","operationId":"GetItems"},"parameters":{"dataset":"https://universidadmag.sharepoint.com/sites/DesarrolloSoftware","table":"ec84fbad-dc97-44af-9843-77364b65ae1d","$filter":"Notificaciones eq 'Si'"},"authentication":"@parameters('$authentication')"}},"Compose":{"runAfter":{"Get_items":["Succeeded"]},"metadata":{"operationMetadataId":"10c182ff-620b-4c45-930e-4ec7c6ec11db"},"type":"Compose","inputs":"@length(outputs('Get_items')?['body/value'])"},"Apply_to_each":{"foreach":"@outputs('Get_items')?['body/value']","actions":{"Post_message_in_a_chat_or_channel":{"runAfter":{"Create_HTML_table":["Succeeded"]},"metadata":{"operationMetadataId":"dd6a221c-6ad3-4824-8b6f-bc73b94bfb2e"},"type":"OpenApiConnection","inputs":{"host":{"apiId":"/providers/Microsoft.PowerApps/apis/shared_teams","connectionName":"shared_teams","operationId":"PostMessageToConversation"},"parameters":{"poster":"Flow bot","location":"Chat with Flow bot","body/recipient":"@{items('Apply_to_each')?['Correo']};","body/messageBody":"<p>Buen día!<br>\n<br>\nA continuación encontrarás el detalle de este nuevo producto - <em><strong></strong></em><em><strong>@{triggerOutputs()?['body/Descripcion']}</strong></em><em><strong></strong></em><br>\n<br>\n@{body('Create_HTML_table')}<br>\n<br>\nPuedes adquirirlo ingresando al siguiente <a href=\"https://apps.powerapps.com/play/e/3acb80b8-fb42-e05e-b7b4-1ed404e71449/a/7c7b44d1-49cb-4537-a24f-3c9a14067055?tenantId=fd69ce1b-20c6-42ec-b54e-6d1b3870ac6e&amp;hint=ec04dd1d-b1eb-4cda-b992-3335a284af71&amp;sourcetime=1759099652407&amp;source=portal&amp;hidenavbar=true#\"><strong>enlace</strong></a><strong>&nbsp;</strong></p>"},"authentication":"@parameters('$authentication')"}},"Obj_-_Array":{"runAfter":{},"metadata":{"operationMetadataId":"4c3553fb-b668-4e11-9c7f-bc00785693eb"},"type":"Compose","inputs":[{"":"@{triggerOutputs()?['body/Valor']}"}]},"Create_HTML_table":{"runAfter":{"Obj_-_Array":["Succeeded"]},"metadata":{"operationMetadataId":"00813d65-8cc3-45c3-8790-81b8c0d23452"},"type":"Table","inputs":{"from":"@outputs('Obj_-_Array')","format":"HTML","columns":[{"header":"Producto","value":"@triggerOutputs()?['body/Descripcion']"},{"header":"Lote","value":"@triggerOutputs()?['body/Lote']"},{"header":"Proveedor","value":"@triggerOutputs()?['body/Proveedor']"},{"header":"Precio","value":"@triggerOutputs()?['body/Valor']"}]}}},"runAfter":{"Compose":["Succeeded"]},"metadata":{"operationMetadataId":"8b88c5e2-7f25-4301-8ca0-994c16a8b2d1"},"type":"Foreach"}}},"connectionReferences":{"shared_sharepointonline":{"connectionName":"shared-sharepointonl-c8cb2b26-dede-4780-a222-9f677d215178","source":"Embedded","id":"/providers/Microsoft.PowerApps/apis/shared_sharepointonline","tier":"NotSpecified","apiName":"sharepointonline","isProcessSimpleApiReferenceConversionAlreadyDone":false},"shared_teams":{"connectionName":"shared-teams-d9c231b8-6e5d-4af5-a1a2-c8ff53934d49","source":"Embedded","id":"/providers/Microsoft.PowerApps/apis/shared_teams","tier":"NotSpecified","apiName":"teams","isProcessSimpleApiReferenceConversionAlreadyDone":false}},"flowFailureAlertSubscribed":false,"isManaged":false}}