{
  "TopParent": {
    "Type": "ControlInfo",
    "Name": "PopUps",
    "Template": {
      "Id": "http://microsoft.com/appmagic/Component",
      "Version": "1.0",
      "LastModifiedTimestamp": "638951843249979651",
      "Name": "36228599eea64259832cc9e68b4947f7",
      "FirstParty": true,
      "IsPremiumPcfControl": false,
      "IsCustomGroupControlTemplate": false,
      "CustomGroupControlTemplateName": "",
      "IsComponentDefinition": true,
      "CustomProperties": [],
      "ComponentType": "CanvasComponent",
      "OverridableProperties": {}
    },
    "Index": 13,
    "PublishOrderIndex": 0,
    "VariantName": "",
    "LayoutName": "",
    "MetaDataIDKey": "",
    "PersistMetaDataIDKey": false,
    "IsFromScreenLayout": false,
    "StyleName": "",
    "Parent": "",
    "IsDataControl": false,
    "AllowAccessToGlobals": true,
    "OptimizeForDevices": "Off",
    "IsGroupControl": false,
    "IsAutoGenerated": false,
    "Rules": [
      {
        "Property": "Fill",
        "Category": "Design",
        "InvariantScript": "RGBA(0, 0, 0, 0)",
        "RuleProviderType": "System"
      },
      {
        "Property": "Height",
        "Category": "Design",
        "InvariantScript": "App.Height",
        "RuleProviderType": "System"
      },
      {
        "Property": "Width",
        "Category": "Design",
        "InvariantScript": "App.Width",
        "RuleProviderType": "System"
      },
      {
        "Property": "X",
        "Category": "Design",
        "InvariantScript": "0",
        "RuleProviderType": "System"
      },
      {
        "Property": "Y",
        "Category": "Design",
        "InvariantScript": "0",
        "RuleProviderType": "System"
      },
      {
        "Property": "ZIndex",
        "Category": "Design",
        "InvariantScript": "1",
        "RuleProviderType": "System"
      }
    ],
    "ControlPropertyState": [
      {
        "InvariantPropertyName": "Fill",
        "AutoRuleBindingEnabled": false,
        "AutoRuleBindingString": "",
        "NameMapSourceSchema": "?",
        "IsLockable": false,
        "AFDDataSourceName": ""
      },
      {
        "InvariantPropertyName": "Height",
        "AutoRuleBindingEnabled": false,
        "AutoRuleBindingString": "640",
        "NameMapSourceSchema": "?",
        "IsLockable": false,
        "AFDDataSourceName": ""
      },
      {
        "InvariantPropertyName": "Width",
        "AutoRuleBindingEnabled": false,
        "AutoRuleBindingString": "640",
        "NameMapSourceSchema": "?",
        "IsLockable": false,
        "AFDDataSourceName": ""
      },
      "X",
      "Y",
      "ZIndex"
    ],
    "IsLocked": false,
    "ControlUniqueId": "23",
    "Children": [
      {
        "Type": "ControlInfo",
        "Name": "Container12",
        "HasDynamicProperties": false,
        "Template": {
          "Id": "http://microsoft.com/appmagic/groupContainer",
          "Version": "1.3.0",
          "LastModifiedTimestamp": "0",
          "Name": "groupContainer",
          "FirstParty": true,
          "IsPremiumPcfControl": false,
          "IsCustomGroupControlTemplate": false,
          "CustomGroupControlTemplateName": "",
          "IsComponentDefinition": false,
          "OverridableProperties": {}
        },
        "Index": 0,
        "PublishOrderIndex": 160,
        "VariantName": "manualLayoutContainer",
        "LayoutName": "",
        "MetaDataIDKey": "",
        "PersistMetaDataIDKey": false,
        "IsFromScreenLayout": false,
        "StyleName": "defaultGroupContainerStyle",
        "Parent": "PopUps",
        "IsDataControl": false,
        "AllowAccessToGlobals": true,
        "OptimizeForDevices": "Off",
        "IsGroupControl": false,
        "IsAutoGenerated": false,
        "Rules": [
          {
            "Property": "BorderColor",
            "Category": "Design",
            "InvariantScript": "RGBA(0, 0, 0, 1)",
            "RuleProviderType": "Unknown"
          },
          {
            "Property": "BorderStyle",
            "Category": "Design",
            "InvariantScript": "BorderStyle.Solid",
            "RuleProviderType": "Unknown"
          },
          {
            "Property": "Fill",
            "Category": "Design",
            "InvariantScript": "RGBA(53, 61, 63, 0.61)",
            "RuleProviderType": "Unknown"
          },
          {
            "Property": "X",
            "Category": "Design",
            "InvariantScript": "0",
            "RuleProviderType": "System"
          },
          {
            "Property": "Y",
            "Category": "Design",
            "InvariantScript": "0",
            "RuleProviderType": "System"
          },
          {
            "Property": "Width",
            "Category": "Design",
            "InvariantScript": "Parent.Width",
            "RuleProviderType": "User"
          },
          {
            "Property": "Height",
            "Category": "Design",
            "InvariantScript": "Parent.Height",
            "RuleProviderType": "User"
          },
          {
            "Property": "DisplayMode",
            "Category": "Design",
            "InvariantScript": "DisplayMode.Edit",
            "RuleProviderType": "Unknown"
          },
          {
            "Property": "LayoutMode",
            "Category": "Design",
            "InvariantScript": "LayoutMode.Manual",
            "RuleProviderType": "Unknown"
          },
          {
            "Property": "LayoutDirection",
            "Category": "Design",
            "InvariantScript": "LayoutDirection.Horizontal",
            "RuleProviderType": "Unknown"
          },
          {
            "Property": "LayoutAlignItems",
            "Category": "Design",
            "InvariantScript": "LayoutAlignItems.Start",
            "RuleProviderType": "Unknown"
          },
          {
            "Property": "LayoutJustifyContent",
            "Category": "Design",
            "InvariantScript": "LayoutJustifyContent.Start",
            "RuleProviderType": "Unknown"
          },
          {
            "Property": "LayoutGap",
            "Category": "Design",
            "InvariantScript": "0",
            "RuleProviderType": "System"
          },
          {
            "Property": "LayoutOverflowX",
            "Category": "Design",
            "InvariantScript": "LayoutOverflow.Hide",
            "RuleProviderType": "Unknown"
          },
          {
            "Property": "LayoutOverflowY",
            "Category": "Design",
            "InvariantScript": "LayoutOverflow.Hide",
            "RuleProviderType": "Unknown"
          },
          {
            "Property": "LayoutWrap",
            "Category": "Design",
            "InvariantScript": "false",
            "RuleProviderType": "Unknown"
          },
          {
            "Property": "DropShadow",
            "Category": "Design",
            "InvariantScript": "DropShadow.Light",
            "RuleProviderType": "Unknown"
          },
          {
            "Property": "ZIndex",
            "Category": "Design",
            "InvariantScript": "1",
            "RuleProviderType": "System"
          },
          {
            "Property": "RadiusTopLeft",
            "Category": "Design",
            "InvariantScript": "4",
            "RuleProviderType": "Unknown"
          },
          {
            "Property": "RadiusTopRight",
            "Category": "Design",
            "InvariantScript": "4",
            "RuleProviderType": "Unknown"
          },
          {
            "Property": "RadiusBottomLeft",
            "Category": "Design",
            "InvariantScript": "4",
            "RuleProviderType": "Unknown"
          },
          {
            "Property": "RadiusBottomRight",
            "Category": "Design",
            "InvariantScript": "4",
            "RuleProviderType": "Unknown"
          },
          {
            "Property": "Visible",
            "Category": "Design",
            "InvariantScript": "If(varVisPopUp=true,true,false)",
            "RuleProviderType": "User"
          }
        ],
        "ControlPropertyState": [
          "BorderColor",
          "BorderStyle",
          {
            "InvariantPropertyName": "Fill",
            "AutoRuleBindingEnabled": false,
            "AutoRuleBindingString": "",
            "NameMapSourceSchema": "?",
            "IsLockable": false,
            "AFDDataSourceName": ""
          },
          {
            "InvariantPropertyName": "X",
            "AutoRuleBindingEnabled": false,
            "AutoRuleBindingString": "40",
            "NameMapSourceSchema": "?",
            "IsLockable": false,
            "AFDDataSourceName": ""
          },
          {
            "InvariantPropertyName": "Y",
            "AutoRuleBindingEnabled": false,
            "AutoRuleBindingString": "40",
            "NameMapSourceSchema": "?",
            "IsLockable": false,
            "AFDDataSourceName": ""
          },
          {
            "InvariantPropertyName": "Width",
            "AutoRuleBindingEnabled": false,
            "AutoRuleBindingString": "500",
            "NameMapSourceSchema": "?",
            "IsLockable": false,
            "AFDDataSourceName": ""
          },
          {
            "InvariantPropertyName": "Height",
            "AutoRuleBindingEnabled": false,
            "AutoRuleBindingString": "200",
            "NameMapSourceSchema": "?",
            "IsLockable": false,
            "AFDDataSourceName": ""
          },
          "DisplayMode",
          "LayoutMode",
          "LayoutDirection",
          "LayoutAlignItems",
          "LayoutJustifyContent",
          "LayoutGap",
          "LayoutOverflowX",
          "LayoutOverflowY",
          "LayoutWrap",
          "DropShadow",
          "ZIndex",
          "RadiusTopLeft",
          "RadiusTopRight",
          "RadiusBottomLeft",
          "RadiusBottomRight",
          {
            "InvariantPropertyName": "Visible",
            "AutoRuleBindingEnabled": false,
            "AutoRuleBindingString": "true",
            "NameMapSourceSchema": "?",
            "IsLockable": false,
            "AFDDataSourceName": ""
          }
        ],
        "IsLocked": false,
        "ControlUniqueId": "24",
        "Children": []
      }
    ]
  }
}