{
  "TopParent": {
    "Type": "ControlInfo",
    "Name": "NavBar",
    "Template": {
      "Id": "http://microsoft.com/appmagic/Component",
      "Version": "1.0",
      "LastModifiedTimestamp": "638951843249884034",
      "Name": "c329ae0fb5a448f4bd89911a511ae9ed",
      "FirstParty": true,
      "IsPremiumPcfControl": false,
      "IsCustomGroupControlTemplate": false,
      "CustomGroupControlTemplateName": "",
      "IsComponentDefinition": true,
      "CustomProperties": [],
      "ComponentType": "CanvasComponent",
      "OverridableProperties": {}
    },
    "Index": 10,
    "PublishOrderIndex": 0,
    "VariantName": "",
    "LayoutName": "",
    "MetaDataIDKey": "",
    "PersistMetaDataIDKey": false,
    "IsFromScreenLayout": false,
    "StyleName": "",
    "Parent": "",
    "IsDataControl": false,
    "AllowAccessToGlobals": true,
    "OptimizeForDevices": "Off",
    "IsGroupControl": false,
    "IsAutoGenerated": false,
    "Rules": [
      {
        "Property": "Fill",
        "Category": "Design",
        "InvariantScript": "RGBA(0, 0, 0, 1)",
        "RuleProviderType": "System"
      },
      {
        "Property": "Height",
        "Category": "Design",
        "InvariantScript": "App.Height",
        "RuleProviderType": "System"
      },
      {
        "Property": "Width",
        "Category": "Design",
        "InvariantScript": "If(varExtended=false,App.Width/24,App.Width/10)",
        "RuleProviderType": "System"
      },
      {
        "Property": "X",
        "Category": "Design",
        "InvariantScript": "0",
        "RuleProviderType": "System"
      },
      {
        "Property": "Y",
        "Category": "Design",
        "InvariantScript": "0",
        "RuleProviderType": "System"
      },
      {
        "Property": "ZIndex",
        "Category": "Design",
        "InvariantScript": "1",
        "RuleProviderType": "System"
      }
    ],
    "ControlPropertyState": [
      {
        "InvariantPropertyName": "Fill",
        "AutoRuleBindingEnabled": false,
        "AutoRuleBindingString": "",
        "NameMapSourceSchema": "?",
        "IsLockable": false,
        "AFDDataSourceName": ""
      },
      {
        "InvariantPropertyName": "Height",
        "AutoRuleBindingEnabled": false,
        "AutoRuleBindingString": "640",
        "NameMapSourceSchema": "?",
        "IsLockable": false,
        "AFDDataSourceName": ""
      },
      {
        "InvariantPropertyName": "Width",
        "AutoRuleBindingEnabled": false,
        "AutoRuleBindingString": "640",
        "NameMapSourceSchema": "?",
        "IsLockable": false,
        "AFDDataSourceName": ""
      },
      "X",
      "Y",
      "ZIndex"
    ],
    "IsLocked": false,
    "ControlUniqueId": "10",
    "Children": [
      {
        "Type": "ControlInfo",
        "Name": "Container4",
        "HasDynamicProperties": false,
        "Template": {
          "Id": "http://microsoft.com/appmagic/groupContainer",
          "Version": "1.3.0",
          "LastModifiedTimestamp": "0",
          "Name": "groupContainer",
          "FirstParty": true,
          "IsPremiumPcfControl": false,
          "IsCustomGroupControlTemplate": false,
          "CustomGroupControlTemplateName": "",
          "IsComponentDefinition": false,
          "OverridableProperties": {}
        },
        "Index": 0,
        "PublishOrderIndex": 150,
        "VariantName": "manualLayoutContainer",
        "LayoutName": "",
        "MetaDataIDKey": "",
        "PersistMetaDataIDKey": false,
        "IsFromScreenLayout": false,
        "StyleName": "defaultGroupContainerStyle",
        "Parent": "NavBar",
        "IsDataControl": false,
        "AllowAccessToGlobals": true,
        "OptimizeForDevices": "Off",
        "IsGroupControl": false,
        "IsAutoGenerated": false,
        "Rules": [
          {
            "Property": "BorderColor",
            "Category": "Design",
            "InvariantScript": "RGBA(0, 0, 0, 1)",
            "RuleProviderType": "Unknown"
          },
          {
            "Property": "BorderStyle",
            "Category": "Design",
            "InvariantScript": "BorderStyle.Solid",
            "RuleProviderType": "Unknown"
          },
          {
            "Property": "Fill",
            "Category": "Design",
            "InvariantScript": "RGBA(0, 0, 0, 0)",
            "RuleProviderType": "Unknown"
          },
          {
            "Property": "X",
            "Category": "Design",
            "InvariantScript": "0",
            "RuleProviderType": "System"
          },
          {
            "Property": "Y",
            "Category": "Design",
            "InvariantScript": "0",
            "RuleProviderType": "System"
          },
          {
            "Property": "Width",
            "Category": "Design",
            "InvariantScript": "Parent.Width",
            "RuleProviderType": "User"
          },
          {
            "Property": "Height",
            "Category": "Design",
            "InvariantScript": "Parent.Height",
            "RuleProviderType": "User"
          },
          {
            "Property": "DisplayMode",
            "Category": "Design",
            "InvariantScript": "DisplayMode.Edit",
            "RuleProviderType": "Unknown"
          },
          {
            "Property": "LayoutMode",
            "Category": "Design",
            "InvariantScript": "LayoutMode.Manual",
            "RuleProviderType": "Unknown"
          },
          {
            "Property": "LayoutDirection",
            "Category": "Design",
            "InvariantScript": "LayoutDirection.Horizontal",
            "RuleProviderType": "Unknown"
          },
          {
            "Property": "LayoutAlignItems",
            "Category": "Design",
            "InvariantScript": "LayoutAlignItems.Start",
            "RuleProviderType": "Unknown"
          },
          {
            "Property": "LayoutJustifyContent",
            "Category": "Design",
            "InvariantScript": "LayoutJustifyContent.Start",
            "RuleProviderType": "Unknown"
          },
          {
            "Property": "LayoutGap",
            "Category": "Design",
            "InvariantScript": "0",
            "RuleProviderType": "System"
          },
          {
            "Property": "LayoutOverflowX",
            "Category": "Design",
            "InvariantScript": "LayoutOverflow.Hide",
            "RuleProviderType": "Unknown"
          },
          {
            "Property": "LayoutOverflowY",
            "Category": "Design",
            "InvariantScript": "LayoutOverflow.Hide",
            "RuleProviderType": "Unknown"
          },
          {
            "Property": "LayoutWrap",
            "Category": "Design",
            "InvariantScript": "false",
            "RuleProviderType": "Unknown"
          },
          {
            "Property": "DropShadow",
            "Category": "Design",
            "InvariantScript": "DropShadow.Light",
            "RuleProviderType": "Unknown"
          },
          {
            "Property": "ZIndex",
            "Category": "Design",
            "InvariantScript": "1",
            "RuleProviderType": "System"
          },
          {
            "Property": "RadiusTopLeft",
            "Category": "Design",
            "InvariantScript": "4",
            "RuleProviderType": "Unknown"
          },
          {
            "Property": "RadiusTopRight",
            "Category": "Design",
            "InvariantScript": "4",
            "RuleProviderType": "Unknown"
          },
          {
            "Property": "RadiusBottomLeft",
            "Category": "Design",
            "InvariantScript": "4",
            "RuleProviderType": "Unknown"
          },
          {
            "Property": "RadiusBottomRight",
            "Category": "Design",
            "InvariantScript": "4",
            "RuleProviderType": "Unknown"
          }
        ],
        "ControlPropertyState": [
          "BorderColor",
          "BorderStyle",
          {
            "InvariantPropertyName": "Fill",
            "AutoRuleBindingEnabled": false,
            "AutoRuleBindingString": "",
            "NameMapSourceSchema": "?",
            "IsLockable": false,
            "AFDDataSourceName": ""
          },
          {
            "InvariantPropertyName": "X",
            "AutoRuleBindingEnabled": false,
            "AutoRuleBindingString": "40",
            "NameMapSourceSchema": "?",
            "IsLockable": false,
            "AFDDataSourceName": ""
          },
          {
            "InvariantPropertyName": "Y",
            "AutoRuleBindingEnabled": false,
            "AutoRuleBindingString": "40",
            "NameMapSourceSchema": "?",
            "IsLockable": false,
            "AFDDataSourceName": ""
          },
          {
            "InvariantPropertyName": "Width",
            "AutoRuleBindingEnabled": false,
            "AutoRuleBindingString": "500",
            "NameMapSourceSchema": "?",
            "IsLockable": false,
            "AFDDataSourceName": ""
          },
          {
            "InvariantPropertyName": "Height",
            "AutoRuleBindingEnabled": false,
            "AutoRuleBindingString": "200",
            "NameMapSourceSchema": "?",
            "IsLockable": false,
            "AFDDataSourceName": ""
          },
          "DisplayMode",
          "LayoutMode",
          "LayoutDirection",
          "LayoutAlignItems",
          "LayoutJustifyContent",
          "LayoutGap",
          "LayoutOverflowX",
          "LayoutOverflowY",
          "LayoutWrap",
          "DropShadow",
          "ZIndex",
          "RadiusTopLeft",
          "RadiusTopRight",
          "RadiusBottomLeft",
          "RadiusBottomRight"
        ],
        "IsLocked": false,
        "ControlUniqueId": "11",
        "Children": [
          {
            "Type": "ControlInfo",
            "Name": "Icon1",
            "HasDynamicProperties": false,
            "Template": {
              "Id": "http://microsoft.com/appmagic/icon",
              "Version": "2.5.0",
              "LastModifiedTimestamp": "0",
              "Name": "icon",
              "FirstParty": true,
              "IsPremiumPcfControl": false,
              "IsCustomGroupControlTemplate": false,
              "CustomGroupControlTemplateName": "",
              "IsComponentDefinition": false,
              "OverridableProperties": {}
            },
            "Index": 0,
            "PublishOrderIndex": 151,
            "VariantName": "Hamburger",
            "LayoutName": "",
            "MetaDataIDKey": "",
            "PersistMetaDataIDKey": false,
            "IsFromScreenLayout": false,
            "StyleName": "defaultIconStyle",
            "Parent": "Container4",
            "IsDataControl": false,
            "AllowAccessToGlobals": true,
            "OptimizeForDevices": "Off",
            "IsGroupControl": false,
            "IsAutoGenerated": false,
            "Rules": [
              {
                "Property": "Icon",
                "Category": "Design",
                "InvariantScript": "Icon.Hamburger",
                "RuleProviderType": "Unknown"
              },
              {
                "Property": "Color",
                "Category": "Design",
                "InvariantScript": "RGBA(255, 255, 255, 1)",
                "RuleProviderType": "Unknown"
              },
              {
                "Property": "DisabledColor",
                "Category": "Design",
                "InvariantScript": "RGBA(225, 223, 221, 1)",
                "RuleProviderType": "Unknown"
              },
              {
                "Property": "PressedColor",
                "Category": "Design",
                "InvariantScript": "RGBA(16, 110, 190, 1)",
                "RuleProviderType": "Unknown"
              },
              {
                "Property": "HoverColor",
                "Category": "Design",
                "InvariantScript": "RGBA(214, 221, 224, 1)",
                "RuleProviderType": "Unknown"
              },
              {
                "Property": "Fill",
                "Category": "Design",
                "InvariantScript": "RGBA(0, 0, 0, 0)",
                "RuleProviderType": "Unknown"
              },
              {
                "Property": "DisabledFill",
                "Category": "Design",
                "InvariantScript": "RGBA(0, 0, 0, 0)",
                "RuleProviderType": "Unknown"
              },
              {
                "Property": "PressedFill",
                "Category": "Design",
                "InvariantScript": "RGBA(0, 0, 0, 0)",
                "RuleProviderType": "Unknown"
              },
              {
                "Property": "HoverFill",
                "Category": "Design",
                "InvariantScript": "RGBA(0, 0, 0, 0)",
                "RuleProviderType": "Unknown"
              },
              {
                "Property": "DisplayMode",
                "Category": "Design",
                "InvariantScript": "DisplayMode.Edit",
                "RuleProviderType": "Unknown"
              },
              {
                "Property": "X",
                "Category": "Design",
                "InvariantScript": "(Parent.Width-Self.Width)/2",
                "RuleProviderType": "User"
              },
              {
                "Property": "Y",
                "Category": "Design",
                "InvariantScript": "10",
                "RuleProviderType": "Unknown"
              },
              {
                "Property": "Width",
                "Category": "Design",
                "InvariantScript": "Parent.Width/1.5",
                "RuleProviderType": "User"
              },
              {
                "Property": "Height",
                "Category": "Design",
                "InvariantScript": "App.Height/25",
                "RuleProviderType": "User"
              },
              {
                "Property": "BorderStyle",
                "Category": "Design",
                "InvariantScript": "BorderStyle.Solid",
                "RuleProviderType": "Unknown"
              },
              {
                "Property": "BorderColor",
                "Category": "Design",
                "InvariantScript": "RGBA(0, 0, 0, 0)",
                "RuleProviderType": "Unknown"
              },
              {
                "Property": "DisabledBorderColor",
                "Category": "Design",
                "InvariantScript": "RGBA(245, 245, 245, 1)",
                "RuleProviderType": "Unknown"
              },
              {
                "Property": "PressedBorderColor",
                "Category": "Design",
                "InvariantScript": "RGBA(0, 0, 0, 0)",
                "RuleProviderType": "Unknown"
              },
              {
                "Property": "HoverBorderColor",
                "Category": "Design",
                "InvariantScript": "RGBA(0, 0, 0, 0)",
                "RuleProviderType": "Unknown"
              },
              {
                "Property": "FocusedBorderColor",
                "Category": "Design",
                "InvariantScript": "Self.BorderColor",
                "RuleProviderType": "Unknown"
              },
              {
                "Property": "ZIndex",
                "Category": "Design",
                "InvariantScript": "1",
                "RuleProviderType": "System"
              },
              {
                "Property": "BorderThickness",
                "Category": "Design",
                "InvariantScript": "0",
                "RuleProviderType": "System"
              },
              {
                "Property": "FocusedBorderThickness",
                "Category": "Design",
                "InvariantScript": "4",
                "RuleProviderType": "Unknown"
              },
              {
                "Property": "OnSelect",
                "Category": "Behavior",
                "InvariantScript": "Set(varExtended,!varExtended)",
                "RuleProviderType": "User"
              }
            ],
            "ControlPropertyState": [
              "Icon",
              {
                "InvariantPropertyName": "Color",
                "AutoRuleBindingEnabled": false,
                "AutoRuleBindingString": "",
                "NameMapSourceSchema": "?",
                "IsLockable": false,
                "AFDDataSourceName": ""
              },
              "DisabledColor",
              "PressedColor",
              {
                "InvariantPropertyName": "HoverColor",
                "AutoRuleBindingEnabled": false,
                "AutoRuleBindingString": "",
                "NameMapSourceSchema": "?",
                "IsLockable": false,
                "AFDDataSourceName": ""
              },
              "Fill",
              "DisabledFill",
              "PressedFill",
              "HoverFill",
              "DisplayMode",
              {
                "InvariantPropertyName": "X",
                "AutoRuleBindingEnabled": false,
                "AutoRuleBindingString": "40",
                "NameMapSourceSchema": "?",
                "IsLockable": false,
                "AFDDataSourceName": ""
              },
              {
                "InvariantPropertyName": "Y",
                "AutoRuleBindingEnabled": false,
                "AutoRuleBindingString": "40",
                "NameMapSourceSchema": "?",
                "IsLockable": false,
                "AFDDataSourceName": ""
              },
              {
                "InvariantPropertyName": "Width",
                "AutoRuleBindingEnabled": false,
                "AutoRuleBindingString": "64",
                "NameMapSourceSchema": "?",
                "IsLockable": false,
                "AFDDataSourceName": ""
              },
              {
                "InvariantPropertyName": "Height",
                "AutoRuleBindingEnabled": false,
                "AutoRuleBindingString": "64",
                "NameMapSourceSchema": "?",
                "IsLockable": false,
                "AFDDataSourceName": ""
              },
              "BorderStyle",
              "BorderColor",
              "DisabledBorderColor",
              "PressedBorderColor",
              "HoverBorderColor",
              "FocusedBorderColor",
              "ZIndex",
              "BorderThickness",
              "FocusedBorderThickness",
              {
                "InvariantPropertyName": "OnSelect",
                "AutoRuleBindingEnabled": false,
                "AutoRuleBindingString": "false",
                "NameMapSourceSchema": "?",
                "IsLockable": false,
                "AFDDataSourceName": ""
              }
            ],
            "IsLocked": false,
            "ControlUniqueId": "12",
            "Children": []
          },
          {
            "Type": "ControlInfo",
            "Name": "Gallery2",
            "HasDynamicProperties": false,
            "Template": {
              "Id": "http://microsoft.com/appmagic/gallery",
              "Version": "2.15.0",
              "LastModifiedTimestamp": "0",
              "Name": "gallery",
              "FirstParty": true,
              "IsPremiumPcfControl": false,
              "IsCustomGroupControlTemplate": false,
              "CustomGroupControlTemplateName": "",
              "IsComponentDefinition": false,
              "OverridableProperties": {}
            },
            "Index": 0,
            "PublishOrderIndex": 152,
            "VariantName": "BrowseLayout_Vertical_TwoTextOneImageVariant_ver5.0",
            "LayoutName": "",
            "MetaDataIDKey": "",
            "PersistMetaDataIDKey": false,
            "IsFromScreenLayout": false,
            "StyleName": "defaultGalleryStyle",
            "Parent": "Container4",
            "IsDataControl": false,
            "AllowAccessToGlobals": true,
            "OptimizeForDevices": "Off",
            "IsGroupControl": false,
            "IsAutoGenerated": false,
            "Rules": [
              {
                "Property": "Items",
                "Category": "Data",
                "InvariantScript": "CustomGallerySample",
                "RuleProviderType": "Unknown"
              },
              {
                "Property": "WrapCount",
                "Category": "Data",
                "InvariantScript": "1",
                "RuleProviderType": "Unknown"
              },
              {
                "Property": "TemplateSize",
                "Category": "Design",
                "InvariantScript": "104",
                "RuleProviderType": "Unknown"
              },
              {
                "Property": "TemplatePadding",
                "Category": "Design",
                "InvariantScript": "0",
                "RuleProviderType": "System"
              },
              {
                "Property": "Layout",
                "Category": "Design",
                "InvariantScript": "Layout.Vertical",
                "RuleProviderType": "Unknown"
              },
              {
                "Property": "Transition",
                "Category": "Design",
                "InvariantScript": "Transition.None",
                "RuleProviderType": "Unknown"
              },
              {
                "Property": "DelayItemLoading",
                "Category": "Design",
                "InvariantScript": "true",
                "RuleProviderType": "Unknown"
              },
              {
                "Property": "LoadingSpinner",
                "Category": "Design",
                "InvariantScript": "LoadingSpinner.Data",
                "RuleProviderType": "Unknown"
              },
              {
                "Property": "LoadingSpinnerColor",
                "Category": "Design",
                "InvariantScript": "Self.BorderColor",
                "RuleProviderType": "Unknown"
              },
              {
                "Property": "DisplayMode",
                "Category": "Design",
                "InvariantScript": "DisplayMode.Edit",
                "RuleProviderType": "Unknown"
              },
              {
                "Property": "BorderColor",
                "Category": "Design",
                "InvariantScript": "RGBA(245, 245, 245, 1)",
                "RuleProviderType": "Unknown"
              },
              {
                "Property": "DisabledBorderColor",
                "Category": "Design",
                "InvariantScript": "Self.BorderColor",
                "RuleProviderType": "Unknown"
              },
              {
                "Property": "PressedBorderColor",
                "Category": "Design",
                "InvariantScript": "Self.BorderColor",
                "RuleProviderType": "Unknown"
              },
              {
                "Property": "HoverBorderColor",
                "Category": "Design",
                "InvariantScript": "Self.BorderColor",
                "RuleProviderType": "Unknown"
              },
              {
                "Property": "BorderStyle",
                "Category": "Design",
                "InvariantScript": "BorderStyle.Solid",
                "RuleProviderType": "Unknown"
              },
              {
                "Property": "FocusedBorderColor",
                "Category": "Design",
                "InvariantScript": "Self.BorderColor",
                "RuleProviderType": "Unknown"
              },
              {
                "Property": "Fill",
                "Category": "Design",
                "InvariantScript": "RGBA(0, 0, 0, 0)",
                "RuleProviderType": "Unknown"
              },
              {
                "Property": "DisabledFill",
                "Category": "Design",
                "InvariantScript": "Self.Fill",
                "RuleProviderType": "Unknown"
              },
              {
                "Property": "PressedFill",
                "Category": "Design",
                "InvariantScript": "Self.Fill",
                "RuleProviderType": "Unknown"
              },
              {
                "Property": "HoverFill",
                "Category": "Design",
                "InvariantScript": "Self.Fill",
                "RuleProviderType": "Unknown"
              },
              {
                "Property": "X",
                "Category": "Design",
                "InvariantScript": "40",
                "RuleProviderType": "Unknown"
              },
              {
                "Property": "Y",
                "Category": "Design",
                "InvariantScript": "Icon1.Y+Icon1.Height+10",
                "RuleProviderType": "User"
              },
              {
                "Property": "Width",
                "Category": "Design",
                "InvariantScript": "Parent.Width",
                "RuleProviderType": "User"
              },
              {
                "Property": "Height",
                "Category": "Design",
                "InvariantScript": "App.Height/2",
                "RuleProviderType": "User"
              },
              {
                "Property": "ZIndex",
                "Category": "Design",
                "InvariantScript": "2",
                "RuleProviderType": "Unknown"
              },
              {
                "Property": "ShowScrollbar",
                "Category": "Design",
                "InvariantScript": "false",
                "RuleProviderType": "Unknown"
              }
            ],
            "ControlPropertyState": [
              "Items",
              "WrapCount",
              "TemplateSize",
              "TemplatePadding",
              "Layout",
              "Transition",
              "DelayItemLoading",
              "LoadingSpinner",
              "LoadingSpinnerColor",
              "DisplayMode",
              "BorderColor",
              "DisabledBorderColor",
              "PressedBorderColor",
              "HoverBorderColor",
              "BorderStyle",
              "FocusedBorderColor",
              "Fill",
              "DisabledFill",
              "PressedFill",
              "HoverFill",
              "X",
              {
                "InvariantPropertyName": "Y",
                "AutoRuleBindingEnabled": false,
                "AutoRuleBindingString": "40",
                "NameMapSourceSchema": "?",
                "IsLockable": false,
                "AFDDataSourceName": ""
              },
              {
                "InvariantPropertyName": "Width",
                "AutoRuleBindingEnabled": false,
                "AutoRuleBindingString": "640",
                "NameMapSourceSchema": "?",
                "IsLockable": false,
                "AFDDataSourceName": ""
              },
              {
                "InvariantPropertyName": "Height",
                "AutoRuleBindingEnabled": false,
                "AutoRuleBindingString": "575",
                "NameMapSourceSchema": "?",
                "IsLockable": false,
                "AFDDataSourceName": ""
              },
              "ZIndex",
              {
                "InvariantPropertyName": "ShowScrollbar",
                "AutoRuleBindingEnabled": false,
                "AutoRuleBindingString": "",
                "NameMapSourceSchema": "?",
                "IsLockable": false,
                "AFDDataSourceName": ""
              }
            ],
            "IsLocked": false,
            "ControlUniqueId": "13",
            "Children": [
              {
                "Type": "ControlInfo",
                "Name": "galleryTemplate2",
                "HasDynamicProperties": false,
                "Template": {
                  "Id": "http://microsoft.com/appmagic/galleryTemplate",
                  "Version": "1.0",
                  "LastModifiedTimestamp": "0",
                  "Name": "galleryTemplate",
                  "FirstParty": true,
                  "IsPremiumPcfControl": false,
                  "IsCustomGroupControlTemplate": false,
                  "CustomGroupControlTemplateName": "",
                  "IsComponentDefinition": false,
                  "OverridableProperties": {}
                },
                "Index": 0,
                "PublishOrderIndex": 153,
                "VariantName": "",
                "LayoutName": "",
                "MetaDataIDKey": "",
                "PersistMetaDataIDKey": false,
                "IsFromScreenLayout": false,
                "StyleName": "",
                "Parent": "Gallery2",
                "IsDataControl": true,
                "AllowAccessToGlobals": true,
                "OptimizeForDevices": "Off",
                "IsGroupControl": false,
                "IsAutoGenerated": false,
                "Rules": [
                  {
                    "Property": "TemplateFill",
                    "Category": "Design",
                    "InvariantScript": "RGBA(0, 0, 0, 0)",
                    "RuleProviderType": "Unknown"
                  }
                ],
                "ControlPropertyState": [
                  "TemplateFill"
                ],
                "IsLocked": false,
                "ControlUniqueId": "14",
                "Children": []
              }
            ]
          }
        ]
      }
    ]
  }
}