{
  "TopParent": {
    "Type": "ControlInfo",
    "Name": "LinksBar",
    "Template": {
      "Id": "http://microsoft.com/appmagic/Component",
      "Version": "1.0",
      "LastModifiedTimestamp": "638951843249885587",
      "Name": "a37ddddccf6c4278b78a7a9e46a1bf1f",
      "FirstParty": true,
      "IsPremiumPcfControl": false,
      "IsCustomGroupControlTemplate": false,
      "CustomGroupControlTemplateName": "",
      "IsComponentDefinition": true,
      "CustomProperties": [],
      "ComponentType": "CanvasComponent",
      "OverridableProperties": {}
    },
    "Index": 11,
    "PublishOrderIndex": 0,
    "VariantName": "",
    "LayoutName": "",
    "MetaDataIDKey": "",
    "PersistMetaDataIDKey": false,
    "IsFromScreenLayout": false,
    "StyleName": "",
    "Parent": "",
    "IsDataControl": false,
    "AllowAccessToGlobals": true,
    "OptimizeForDevices": "Off",
    "IsGroupControl": false,
    "IsAutoGenerated": false,
    "Rules": [
      {
        "Property": "Fill",
        "Category": "Design",
        "InvariantScript": "RGBA(0, 0, 0, 1)",
        "RuleProviderType": "System"
      },
      {
        "Property": "Height",
        "Category": "Design",
        "InvariantScript": "App.Height/16",
        "RuleProviderType": "System"
      },
      {
        "Property": "Width",
        "Category": "Design",
        "InvariantScript": "App.Width",
        "RuleProviderType": "System"
      },
      {
        "Property": "X",
        "Category": "Design",
        "InvariantScript": "0",
        "RuleProviderType": "System"
      },
      {
        "Property": "Y",
        "Category": "Design",
        "InvariantScript": "0",
        "RuleProviderType": "System"
      },
      {
        "Property": "ZIndex",
        "Category": "Design",
        "InvariantScript": "1",
        "RuleProviderType": "System"
      },
      {
        "Property": "OnReset",
        "Category": "Behavior",
        "InvariantScript": "",
        "RuleProviderType": "System"
      }
    ],
    "ControlPropertyState": [
      {
        "InvariantPropertyName": "Fill",
        "AutoRuleBindingEnabled": false,
        "AutoRuleBindingString": "",
        "NameMapSourceSchema": "?",
        "IsLockable": false,
        "AFDDataSourceName": ""
      },
      {
        "InvariantPropertyName": "Height",
        "AutoRuleBindingEnabled": false,
        "AutoRuleBindingString": "640",
        "NameMapSourceSchema": "?",
        "IsLockable": false,
        "AFDDataSourceName": ""
      },
      {
        "InvariantPropertyName": "Width",
        "AutoRuleBindingEnabled": false,
        "AutoRuleBindingString": "640",
        "NameMapSourceSchema": "?",
        "IsLockable": false,
        "AFDDataSourceName": ""
      },
      "X",
      "Y",
      "ZIndex",
      "OnReset"
    ],
    "IsLocked": false,
    "ControlUniqueId": "15",
    "Children": [
      {
        "Type": "ControlInfo",
        "Name": "Container8",
        "HasDynamicProperties": false,
        "Template": {
          "Id": "http://microsoft.com/appmagic/groupContainer",
          "Version": "1.3.0",
          "LastModifiedTimestamp": "0",
          "Name": "groupContainer",
          "FirstParty": true,
          "IsPremiumPcfControl": false,
          "IsCustomGroupControlTemplate": false,
          "CustomGroupControlTemplateName": "",
          "IsComponentDefinition": false,
          "OverridableProperties": {}
        },
        "Index": 0,
        "PublishOrderIndex": 154,
        "VariantName": "manualLayoutContainer",
        "LayoutName": "",
        "MetaDataIDKey": "",
        "PersistMetaDataIDKey": false,
        "IsFromScreenLayout": false,
        "StyleName": "defaultGroupContainerStyle",
        "Parent": "LinksBar",
        "IsDataControl": false,
        "AllowAccessToGlobals": true,
        "OptimizeForDevices": "Off",
        "IsGroupControl": false,
        "IsAutoGenerated": false,
        "Rules": [
          {
            "Property": "BorderColor",
            "Category": "Design",
            "InvariantScript": "RGBA(0, 0, 0, 1)",
            "RuleProviderType": "Unknown"
          },
          {
            "Property": "BorderStyle",
            "Category": "Design",
            "InvariantScript": "BorderStyle.Solid",
            "RuleProviderType": "Unknown"
          },
          {
            "Property": "Fill",
            "Category": "Design",
            "InvariantScript": "RGBA(0, 0, 0, 0)",
            "RuleProviderType": "Unknown"
          },
          {
            "Property": "X",
            "Category": "Design",
            "InvariantScript": "0",
            "RuleProviderType": "System"
          },
          {
            "Property": "Y",
            "Category": "Design",
            "InvariantScript": "0",
            "RuleProviderType": "System"
          },
          {
            "Property": "Width",
            "Category": "Design",
            "InvariantScript": "Parent.Width",
            "RuleProviderType": "User"
          },
          {
            "Property": "Height",
            "Category": "Design",
            "InvariantScript": "Parent.Height",
            "RuleProviderType": "User"
          },
          {
            "Property": "DisplayMode",
            "Category": "Design",
            "InvariantScript": "DisplayMode.Edit",
            "RuleProviderType": "Unknown"
          },
          {
            "Property": "LayoutMode",
            "Category": "Design",
            "InvariantScript": "LayoutMode.Manual",
            "RuleProviderType": "Unknown"
          },
          {
            "Property": "LayoutDirection",
            "Category": "Design",
            "InvariantScript": "LayoutDirection.Horizontal",
            "RuleProviderType": "Unknown"
          },
          {
            "Property": "LayoutAlignItems",
            "Category": "Design",
            "InvariantScript": "LayoutAlignItems.Start",
            "RuleProviderType": "Unknown"
          },
          {
            "Property": "LayoutJustifyContent",
            "Category": "Design",
            "InvariantScript": "LayoutJustifyContent.Start",
            "RuleProviderType": "Unknown"
          },
          {
            "Property": "LayoutGap",
            "Category": "Design",
            "InvariantScript": "0",
            "RuleProviderType": "System"
          },
          {
            "Property": "LayoutOverflowX",
            "Category": "Design",
            "InvariantScript": "LayoutOverflow.Hide",
            "RuleProviderType": "Unknown"
          },
          {
            "Property": "LayoutOverflowY",
            "Category": "Design",
            "InvariantScript": "LayoutOverflow.Hide",
            "RuleProviderType": "Unknown"
          },
          {
            "Property": "LayoutWrap",
            "Category": "Design",
            "InvariantScript": "false",
            "RuleProviderType": "Unknown"
          },
          {
            "Property": "DropShadow",
            "Category": "Design",
            "InvariantScript": "DropShadow.Light",
            "RuleProviderType": "Unknown"
          },
          {
            "Property": "ZIndex",
            "Category": "Design",
            "InvariantScript": "1",
            "RuleProviderType": "System"
          },
          {
            "Property": "RadiusTopLeft",
            "Category": "Design",
            "InvariantScript": "0",
            "RuleProviderType": "System"
          },
          {
            "Property": "RadiusTopRight",
            "Category": "Design",
            "InvariantScript": "0",
            "RuleProviderType": "System"
          },
          {
            "Property": "RadiusBottomLeft",
            "Category": "Design",
            "InvariantScript": "0",
            "RuleProviderType": "System"
          },
          {
            "Property": "RadiusBottomRight",
            "Category": "Design",
            "InvariantScript": "0",
            "RuleProviderType": "System"
          }
        ],
        "ControlPropertyState": [
          "BorderColor",
          "BorderStyle",
          {
            "InvariantPropertyName": "Fill",
            "AutoRuleBindingEnabled": false,
            "AutoRuleBindingString": "",
            "NameMapSourceSchema": "?",
            "IsLockable": false,
            "AFDDataSourceName": ""
          },
          {
            "InvariantPropertyName": "X",
            "AutoRuleBindingEnabled": false,
            "AutoRuleBindingString": "",
            "NameMapSourceSchema": "?",
            "IsLockable": false,
            "AFDDataSourceName": ""
          },
          {
            "InvariantPropertyName": "Y",
            "AutoRuleBindingEnabled": false,
            "AutoRuleBindingString": "40",
            "NameMapSourceSchema": "?",
            "IsLockable": false,
            "AFDDataSourceName": ""
          },
          {
            "InvariantPropertyName": "Width",
            "AutoRuleBindingEnabled": false,
            "AutoRuleBindingString": "500",
            "NameMapSourceSchema": "?",
            "IsLockable": false,
            "AFDDataSourceName": ""
          },
          {
            "InvariantPropertyName": "Height",
            "AutoRuleBindingEnabled": false,
            "AutoRuleBindingString": "200",
            "NameMapSourceSchema": "?",
            "IsLockable": false,
            "AFDDataSourceName": ""
          },
          "DisplayMode",
          "LayoutMode",
          "LayoutDirection",
          "LayoutAlignItems",
          "LayoutJustifyContent",
          "LayoutGap",
          "LayoutOverflowX",
          "LayoutOverflowY",
          "LayoutWrap",
          "DropShadow",
          "ZIndex",
          {
            "InvariantPropertyName": "RadiusTopLeft",
            "AutoRuleBindingEnabled": false,
            "AutoRuleBindingString": "",
            "NameMapSourceSchema": "?",
            "IsLockable": false,
            "AFDDataSourceName": ""
          },
          {
            "InvariantPropertyName": "RadiusTopRight",
            "AutoRuleBindingEnabled": false,
            "AutoRuleBindingString": "",
            "NameMapSourceSchema": "?",
            "IsLockable": false,
            "AFDDataSourceName": ""
          },
          {
            "InvariantPropertyName": "RadiusBottomLeft",
            "AutoRuleBindingEnabled": false,
            "AutoRuleBindingString": "",
            "NameMapSourceSchema": "?",
            "IsLockable": false,
            "AFDDataSourceName": ""
          },
          {
            "InvariantPropertyName": "RadiusBottomRight",
            "AutoRuleBindingEnabled": false,
            "AutoRuleBindingString": "",
            "NameMapSourceSchema": "?",
            "IsLockable": false,
            "AFDDataSourceName": ""
          }
        ],
        "IsLocked": false,
        "ControlUniqueId": "16",
        "Children": []
      },
      {
        "Type": "ControlInfo",
        "Name": "Button5",
        "HasDynamicProperties": false,
        "Template": {
          "Id": "http://microsoft.com/appmagic/button",
          "Version": "2.2.0",
          "LastModifiedTimestamp": "0",
          "Name": "button",
          "FirstParty": true,
          "IsPremiumPcfControl": false,
          "IsCustomGroupControlTemplate": false,
          "CustomGroupControlTemplateName": "",
          "IsComponentDefinition": false,
          "OverridableProperties": {}
        },
        "Index": 0,
        "PublishOrderIndex": 155,
        "VariantName": "",
        "LayoutName": "",
        "MetaDataIDKey": "",
        "PersistMetaDataIDKey": false,
        "IsFromScreenLayout": false,
        "StyleName": "defaultButtonStyle",
        "Parent": "LinksBar",
        "IsDataControl": false,
        "AllowAccessToGlobals": true,
        "OptimizeForDevices": "Off",
        "IsGroupControl": false,
        "IsAutoGenerated": false,
        "Rules": [
          {
            "Property": "Text",
            "Category": "Data",
            "InvariantScript": "Switch(\r\n    varActiveScreen,\r\n    1,\"Dashboard\",\r\n    2,If(varIdioma=\"es\",\"Inicio\",\"Home\"), \r\n    3,If(varIdioma=\"es\",\"Inicio\",\"Home\"), \r\n    4,If(varIdioma=\"es\",\"Inicio\",\"Home\"),\r\n    5,If(varIdioma=\"es\",\"Inicio\",\"Home\")\r\n)",
            "RuleProviderType": "User"
          },
          {
            "Property": "BorderColor",
            "Category": "Design",
            "InvariantScript": "RGBA(0, 0, 0, 0)",
            "RuleProviderType": "Unknown"
          },
          {
            "Property": "DisabledBorderColor",
            "Category": "Design",
            "InvariantScript": "RGBA(0, 0, 0, 0)",
            "RuleProviderType": "Unknown"
          },
          {
            "Property": "PressedBorderColor",
            "Category": "Design",
            "InvariantScript": "RGBA(0, 69, 120, 1)",
            "RuleProviderType": "Unknown"
          },
          {
            "Property": "HoverBorderColor",
            "Category": "Design",
            "InvariantScript": "RGBA(0, 0, 0, 0)",
            "RuleProviderType": "Unknown"
          },
          {
            "Property": "BorderStyle",
            "Category": "Design",
            "InvariantScript": "BorderStyle.None",
            "RuleProviderType": "Unknown"
          },
          {
            "Property": "FocusedBorderColor",
            "Category": "Design",
            "InvariantScript": "Self.BorderColor",
            "RuleProviderType": "Unknown"
          },
          {
            "Property": "Color",
            "Category": "Design",
            "InvariantScript": "RGBA(255, 255, 255, 1)",
            "RuleProviderType": "Unknown"
          },
          {
            "Property": "DisabledColor",
            "Category": "Design",
            "InvariantScript": "RGBA(161, 159, 157, 1)",
            "RuleProviderType": "Unknown"
          },
          {
            "Property": "PressedColor",
            "Category": "Design",
            "InvariantScript": "RGBA(255, 255, 255, 1)",
            "RuleProviderType": "Unknown"
          },
          {
            "Property": "HoverColor",
            "Category": "Design",
            "InvariantScript": "RGBA(53, 61, 63, 1)",
            "RuleProviderType": "Unknown"
          },
          {
            "Property": "DisplayMode",
            "Category": "Design",
            "InvariantScript": "DisplayMode.Edit",
            "RuleProviderType": "Unknown"
          },
          {
            "Property": "Fill",
            "Category": "Design",
            "InvariantScript": "RGBA(0, 0, 0, 0)",
            "RuleProviderType": "Unknown"
          },
          {
            "Property": "DisabledFill",
            "Category": "Design",
            "InvariantScript": "RGBA(242, 242, 241, 0)",
            "RuleProviderType": "Unknown"
          },
          {
            "Property": "PressedFill",
            "Category": "Design",
            "InvariantScript": "RGBA(0, 0, 0, 1)",
            "RuleProviderType": "Unknown"
          },
          {
            "Property": "HoverFill",
            "Category": "Design",
            "InvariantScript": "RGBA(255, 255, 255, 1)",
            "RuleProviderType": "Unknown"
          },
          {
            "Property": "Font",
            "Category": "Design",
            "InvariantScript": "Font.'Segoe UI'",
            "RuleProviderType": "Unknown"
          },
          {
            "Property": "FontWeight",
            "Category": "Design",
            "InvariantScript": "FontWeight.Semibold",
            "RuleProviderType": "Unknown"
          },
          {
            "Property": "Align",
            "Category": "Design",
            "InvariantScript": "Align.Center",
            "RuleProviderType": "Unknown"
          },
          {
            "Property": "VerticalAlign",
            "Category": "Design",
            "InvariantScript": "VerticalAlign.Middle",
            "RuleProviderType": "Unknown"
          },
          {
            "Property": "X",
            "Category": "Design",
            "InvariantScript": "If(varExtended=false,App.Width/24,App.Width/10)+10",
            "RuleProviderType": "User"
          },
          {
            "Property": "Y",
            "Category": "Design",
            "InvariantScript": "0\r\n//(Parent.Height-Self.Height)/2",
            "RuleProviderType": "User"
          },
          {
            "Property": "Width",
            "Category": "Design",
            "InvariantScript": "160",
            "RuleProviderType": "Unknown"
          },
          {
            "Property": "Height",
            "Category": "Design",
            "InvariantScript": "Parent.Height",
            "RuleProviderType": "User"
          },
          {
            "Property": "ZIndex",
            "Category": "Design",
            "InvariantScript": "2",
            "RuleProviderType": "Unknown"
          },
          {
            "Property": "RadiusTopLeft",
            "Category": "Design",
            "InvariantScript": "0",
            "RuleProviderType": "System"
          },
          {
            "Property": "RadiusTopRight",
            "Category": "Design",
            "InvariantScript": "0",
            "RuleProviderType": "System"
          },
          {
            "Property": "RadiusBottomLeft",
            "Category": "Design",
            "InvariantScript": "0",
            "RuleProviderType": "System"
          },
          {
            "Property": "RadiusBottomRight",
            "Category": "Design",
            "InvariantScript": "0",
            "RuleProviderType": "System"
          },
          {
            "Property": "BorderThickness",
            "Category": "Design",
            "InvariantScript": "0",
            "RuleProviderType": "System"
          },
          {
            "Property": "FocusedBorderThickness",
            "Category": "Design",
            "InvariantScript": "4",
            "RuleProviderType": "Unknown"
          },
          {
            "Property": "Size",
            "Category": "Design",
            "InvariantScript": "Size+2",
            "RuleProviderType": "User"
          },
          {
            "Property": "Italic",
            "Category": "Design",
            "InvariantScript": "false",
            "RuleProviderType": "Unknown"
          },
          {
            "Property": "Underline",
            "Category": "Design",
            "InvariantScript": "false",
            "RuleProviderType": "Unknown"
          },
          {
            "Property": "Strikethrough",
            "Category": "Design",
            "InvariantScript": "false",
            "RuleProviderType": "Unknown"
          },
          {
            "Property": "Visible",
            "Category": "Design",
            "InvariantScript": "true",
            "RuleProviderType": "Unknown"
          },
          {
            "Property": "OnSelect",
            "Category": "Behavior",
            "InvariantScript": "Switch(\r\n    varActiveScreen,\r\n    //&& Navigate(FrmProducts),\r\n    2,Navigate(FrmMain),\r\n    3,Navigate(FrmMain), \r\n    4,Navigate(FrmMain),\r\n    5,Navigate(FrmMain)\r\n)",
            "RuleProviderType": "User"
          }
        ],
        "ControlPropertyState": [
          {
            "InvariantPropertyName": "Text",
            "AutoRuleBindingEnabled": false,
            "AutoRuleBindingString": "\"Button\"",
            "NameMapSourceSchema": "?",
            "IsLockable": false,
            "AFDDataSourceName": ""
          },
          "BorderColor",
          "DisabledBorderColor",
          "PressedBorderColor",
          "HoverBorderColor",
          "BorderStyle",
          "FocusedBorderColor",
          "Color",
          "DisabledColor",
          "PressedColor",
          {
            "InvariantPropertyName": "HoverColor",
            "AutoRuleBindingEnabled": false,
            "AutoRuleBindingString": "",
            "NameMapSourceSchema": "?",
            "IsLockable": false,
            "AFDDataSourceName": ""
          },
          "DisplayMode",
          {
            "InvariantPropertyName": "Fill",
            "AutoRuleBindingEnabled": false,
            "AutoRuleBindingString": "",
            "NameMapSourceSchema": "?",
            "IsLockable": false,
            "AFDDataSourceName": ""
          },
          "DisabledFill",
          {
            "InvariantPropertyName": "PressedFill",
            "AutoRuleBindingEnabled": false,
            "AutoRuleBindingString": "",
            "NameMapSourceSchema": "?",
            "IsLockable": false,
            "AFDDataSourceName": ""
          },
          {
            "InvariantPropertyName": "HoverFill",
            "AutoRuleBindingEnabled": false,
            "AutoRuleBindingString": "",
            "NameMapSourceSchema": "?",
            "IsLockable": false,
            "AFDDataSourceName": ""
          },
          "Font",
          "FontWeight",
          "Align",
          "VerticalAlign",
          {
            "InvariantPropertyName": "X",
            "AutoRuleBindingEnabled": false,
            "AutoRuleBindingString": "60",
            "NameMapSourceSchema": "?",
            "IsLockable": false,
            "AFDDataSourceName": ""
          },
          {
            "InvariantPropertyName": "Y",
            "AutoRuleBindingEnabled": false,
            "AutoRuleBindingString": "60",
            "NameMapSourceSchema": "?",
            "IsLockable": false,
            "AFDDataSourceName": ""
          },
          "Width",
          {
            "InvariantPropertyName": "Height",
            "AutoRuleBindingEnabled": false,
            "AutoRuleBindingString": "40",
            "NameMapSourceSchema": "?",
            "IsLockable": false,
            "AFDDataSourceName": ""
          },
          "ZIndex",
          "RadiusTopLeft",
          "RadiusTopRight",
          "RadiusBottomLeft",
          "RadiusBottomRight",
          {
            "InvariantPropertyName": "BorderThickness",
            "AutoRuleBindingEnabled": false,
            "AutoRuleBindingString": "",
            "NameMapSourceSchema": "?",
            "IsLockable": false,
            "AFDDataSourceName": ""
          },
          "FocusedBorderThickness",
          {
            "InvariantPropertyName": "Size",
            "AutoRuleBindingEnabled": false,
            "AutoRuleBindingString": "15",
            "NameMapSourceSchema": "?",
            "IsLockable": false,
            "AFDDataSourceName": ""
          },
          "Italic",
          "Underline",
          "Strikethrough",
          {
            "InvariantPropertyName": "OnSelect",
            "AutoRuleBindingEnabled": false,
            "AutoRuleBindingString": "false",
            "NameMapSourceSchema": "?",
            "IsLockable": false,
            "AFDDataSourceName": ""
          },
          {
            "InvariantPropertyName": "Visible",
            "AutoRuleBindingEnabled": false,
            "AutoRuleBindingString": "",
            "NameMapSourceSchema": "?",
            "IsLockable": false,
            "AFDDataSourceName": ""
          }
        ],
        "IsLocked": false,
        "ControlUniqueId": "17",
        "Children": []
      },
      {
        "Type": "ControlInfo",
        "Name": "Button5_1",
        "HasDynamicProperties": false,
        "Template": {
          "Id": "http://microsoft.com/appmagic/button",
          "Version": "2.2.0",
          "LastModifiedTimestamp": "0",
          "Name": "button",
          "FirstParty": true,
          "IsPremiumPcfControl": false,
          "IsCustomGroupControlTemplate": false,
          "CustomGroupControlTemplateName": "",
          "IsComponentDefinition": false,
          "OverridableProperties": {}
        },
        "Index": 0,
        "PublishOrderIndex": 156,
        "VariantName": "",
        "LayoutName": "",
        "MetaDataIDKey": "",
        "PersistMetaDataIDKey": false,
        "IsFromScreenLayout": false,
        "StyleName": "defaultButtonStyle",
        "Parent": "LinksBar",
        "IsDataControl": false,
        "AllowAccessToGlobals": true,
        "OptimizeForDevices": "Off",
        "IsGroupControl": false,
        "IsAutoGenerated": false,
        "Rules": [
          {
            "Property": "Text",
            "Category": "Data",
            "InvariantScript": "If(varIdioma=\"es\",\"Productos\",\"Products\")",
            "RuleProviderType": "User"
          },
          {
            "Property": "Tooltip",
            "Category": "Data",
            "InvariantScript": "\"\"",
            "RuleProviderType": "Unknown"
          },
          {
            "Property": "ContentLanguage",
            "Category": "Data",
            "InvariantScript": "\"\"",
            "RuleProviderType": "Unknown"
          },
          {
            "Property": "AutoDisableOnSelect",
            "Category": "Design",
            "InvariantScript": "true",
            "RuleProviderType": "Unknown"
          },
          {
            "Property": "BorderColor",
            "Category": "Design",
            "InvariantScript": "RGBA(0, 0, 0, 0)",
            "RuleProviderType": "Unknown"
          },
          {
            "Property": "RadiusTopLeft",
            "Category": "Design",
            "InvariantScript": "0",
            "RuleProviderType": "System"
          },
          {
            "Property": "RadiusTopRight",
            "Category": "Design",
            "InvariantScript": "0",
            "RuleProviderType": "System"
          },
          {
            "Property": "RadiusBottomLeft",
            "Category": "Design",
            "InvariantScript": "0",
            "RuleProviderType": "System"
          },
          {
            "Property": "RadiusBottomRight",
            "Category": "Design",
            "InvariantScript": "0",
            "RuleProviderType": "System"
          },
          {
            "Property": "DisabledBorderColor",
            "Category": "Design",
            "InvariantScript": "RGBA(0, 0, 0, 0)",
            "RuleProviderType": "Unknown"
          },
          {
            "Property": "PressedBorderColor",
            "Category": "Design",
            "InvariantScript": "RGBA(0, 69, 120, 1)",
            "RuleProviderType": "Unknown"
          },
          {
            "Property": "HoverBorderColor",
            "Category": "Design",
            "InvariantScript": "RGBA(0, 0, 0, 0)",
            "RuleProviderType": "Unknown"
          },
          {
            "Property": "BorderStyle",
            "Category": "Design",
            "InvariantScript": "BorderStyle.None",
            "RuleProviderType": "Unknown"
          },
          {
            "Property": "BorderThickness",
            "Category": "Design",
            "InvariantScript": "0",
            "RuleProviderType": "System"
          },
          {
            "Property": "FocusedBorderColor",
            "Category": "Design",
            "InvariantScript": "Self.BorderColor",
            "RuleProviderType": "Unknown"
          },
          {
            "Property": "FocusedBorderThickness",
            "Category": "Design",
            "InvariantScript": "4",
            "RuleProviderType": "Unknown"
          },
          {
            "Property": "Color",
            "Category": "Design",
            "InvariantScript": "RGBA(255, 255, 255, 1)",
            "RuleProviderType": "Unknown"
          },
          {
            "Property": "DisabledColor",
            "Category": "Design",
            "InvariantScript": "RGBA(161, 159, 157, 1)",
            "RuleProviderType": "Unknown"
          },
          {
            "Property": "PressedColor",
            "Category": "Design",
            "InvariantScript": "RGBA(255, 255, 255, 1)",
            "RuleProviderType": "Unknown"
          },
          {
            "Property": "HoverColor",
            "Category": "Design",
            "InvariantScript": "RGBA(53, 61, 63, 1)",
            "RuleProviderType": "Unknown"
          },
          {
            "Property": "DisplayMode",
            "Category": "Design",
            "InvariantScript": "DisplayMode.Edit",
            "RuleProviderType": "Unknown"
          },
          {
            "Property": "Fill",
            "Category": "Design",
            "InvariantScript": "RGBA(0, 0, 0, 0)",
            "RuleProviderType": "Unknown"
          },
          {
            "Property": "DisabledFill",
            "Category": "Design",
            "InvariantScript": "RGBA(242, 242, 241, 0)",
            "RuleProviderType": "Unknown"
          },
          {
            "Property": "PressedFill",
            "Category": "Design",
            "InvariantScript": "RGBA(0, 0, 0, 1)",
            "RuleProviderType": "Unknown"
          },
          {
            "Property": "HoverFill",
            "Category": "Design",
            "InvariantScript": "RGBA(255, 255, 255, 1)",
            "RuleProviderType": "Unknown"
          },
          {
            "Property": "Font",
            "Category": "Design",
            "InvariantScript": "Font.'Segoe UI'",
            "RuleProviderType": "Unknown"
          },
          {
            "Property": "Size",
            "Category": "Design",
            "InvariantScript": "Size+2",
            "RuleProviderType": "Unknown"
          },
          {
            "Property": "FontWeight",
            "Category": "Design",
            "InvariantScript": "FontWeight.Semibold",
            "RuleProviderType": "Unknown"
          },
          {
            "Property": "Italic",
            "Category": "Design",
            "InvariantScript": "false",
            "RuleProviderType": "Unknown"
          },
          {
            "Property": "Underline",
            "Category": "Design",
            "InvariantScript": "false",
            "RuleProviderType": "Unknown"
          },
          {
            "Property": "Strikethrough",
            "Category": "Design",
            "InvariantScript": "false",
            "RuleProviderType": "Unknown"
          },
          {
            "Property": "Align",
            "Category": "Design",
            "InvariantScript": "Align.Center",
            "RuleProviderType": "Unknown"
          },
          {
            "Property": "PaddingTop",
            "Category": "Design",
            "InvariantScript": "5",
            "RuleProviderType": "Unknown"
          },
          {
            "Property": "PaddingRight",
            "Category": "Design",
            "InvariantScript": "5",
            "RuleProviderType": "Unknown"
          },
          {
            "Property": "PaddingBottom",
            "Category": "Design",
            "InvariantScript": "5",
            "RuleProviderType": "Unknown"
          },
          {
            "Property": "PaddingLeft",
            "Category": "Design",
            "InvariantScript": "5",
            "RuleProviderType": "Unknown"
          },
          {
            "Property": "Visible",
            "Category": "Design",
            "InvariantScript": "Switch(\r\n    varActiveScreen,\r\n    1,true,\r\n    2,false\r\n)",
            "RuleProviderType": "User"
          },
          {
            "Property": "VerticalAlign",
            "Category": "Design",
            "InvariantScript": "VerticalAlign.Middle",
            "RuleProviderType": "Unknown"
          },
          {
            "Property": "X",
            "Category": "Design",
            "InvariantScript": "Button5.X+Button5.Width",
            "RuleProviderType": "User"
          },
          {
            "Property": "Y",
            "Category": "Design",
            "InvariantScript": "0\r\n//(Parent.Height-Self.Height)/2",
            "RuleProviderType": "User"
          },
          {
            "Property": "Width",
            "Category": "Design",
            "InvariantScript": "160",
            "RuleProviderType": "Unknown"
          },
          {
            "Property": "Height",
            "Category": "Design",
            "InvariantScript": "Parent.Height",
            "RuleProviderType": "Unknown"
          },
          {
            "Property": "TabIndex",
            "Category": "Design",
            "InvariantScript": "0",
            "RuleProviderType": "System"
          },
          {
            "Property": "maximumHeight",
            "Category": "Design",
            "InvariantScript": "768",
            "RuleProviderType": "Unknown"
          },
          {
            "Property": "maximumWidth",
            "Category": "Design",
            "InvariantScript": "1366",
            "RuleProviderType": "Unknown"
          },
          {
            "Property": "minimumHeight",
            "Category": "Design",
            "InvariantScript": "5",
            "RuleProviderType": "Unknown"
          },
          {
            "Property": "minimumWidth",
            "Category": "Design",
            "InvariantScript": "5",
            "RuleProviderType": "Unknown"
          },
          {
            "Property": "ZIndex",
            "Category": "Design",
            "InvariantScript": "3",
            "RuleProviderType": "Unknown"
          },
          {
            "Property": "OnSelect",
            "Category": "Behavior",
            "InvariantScript": "Switch(\r\n    varActiveScreen,\r\n    1, Navigate(FrmProducts)\r\n)",
            "RuleProviderType": "User"
          }
        ],
        "ControlPropertyState": [
          {
            "InvariantPropertyName": "OnSelect",
            "AutoRuleBindingEnabled": false,
            "AutoRuleBindingString": "Navigate(FrmMain)",
            "NameMapSourceSchema": "?",
            "IsLockable": false,
            "AFDDataSourceName": ""
          },
          "AutoDisableOnSelect",
          {
            "InvariantPropertyName": "Text",
            "AutoRuleBindingEnabled": false,
            "AutoRuleBindingString": "If(varIdioma=\"es\",\"Datos\",\"Dashboard\")",
            "NameMapSourceSchema": "?",
            "IsLockable": false,
            "AFDDataSourceName": ""
          },
          "Tooltip",
          "ContentLanguage",
          "BorderColor",
          "RadiusTopLeft",
          "RadiusTopRight",
          "RadiusBottomLeft",
          "RadiusBottomRight",
          "DisabledBorderColor",
          "PressedBorderColor",
          "HoverBorderColor",
          "BorderStyle",
          "BorderThickness",
          "FocusedBorderColor",
          "FocusedBorderThickness",
          "Color",
          "DisabledColor",
          "PressedColor",
          "HoverColor",
          "DisplayMode",
          "Fill",
          "DisabledFill",
          "PressedFill",
          "HoverFill",
          "Font",
          "Size",
          "FontWeight",
          "Italic",
          "Underline",
          "Strikethrough",
          "Align",
          "PaddingTop",
          "PaddingRight",
          "PaddingBottom",
          "PaddingLeft",
          {
            "InvariantPropertyName": "Visible",
            "AutoRuleBindingEnabled": false,
            "AutoRuleBindingString": "true",
            "NameMapSourceSchema": "?",
            "IsLockable": false,
            "AFDDataSourceName": ""
          },
          "VerticalAlign",
          {
            "InvariantPropertyName": "X",
            "AutoRuleBindingEnabled": false,
            "AutoRuleBindingString": "If(varExtended=false,App.Width/24,App.Width/10)+10",
            "NameMapSourceSchema": "?",
            "IsLockable": false,
            "AFDDataSourceName": ""
          },
          {
            "InvariantPropertyName": "Y",
            "AutoRuleBindingEnabled": false,
            "AutoRuleBindingString": "\n0",
            "NameMapSourceSchema": "?",
            "IsLockable": false,
            "AFDDataSourceName": ""
          },
          "Width",
          "Height",
          "TabIndex",
          "maximumHeight",
          "maximumWidth",
          "minimumHeight",
          "minimumWidth",
          "ZIndex"
        ],
        "IsLocked": false,
        "ControlUniqueId": "18",
        "Children": []
      },
      {
        "Type": "ControlInfo",
        "Name": "Button5_2",
        "HasDynamicProperties": false,
        "Template": {
          "Id": "http://microsoft.com/appmagic/button",
          "Version": "2.2.0",
          "LastModifiedTimestamp": "0",
          "Name": "button",
          "FirstParty": true,
          "IsPremiumPcfControl": false,
          "IsCustomGroupControlTemplate": false,
          "CustomGroupControlTemplateName": "",
          "IsComponentDefinition": false,
          "OverridableProperties": {}
        },
        "Index": 0,
        "PublishOrderIndex": 157,
        "VariantName": "",
        "LayoutName": "",
        "MetaDataIDKey": "",
        "PersistMetaDataIDKey": false,
        "IsFromScreenLayout": false,
        "StyleName": "defaultButtonStyle",
        "Parent": "LinksBar",
        "IsDataControl": false,
        "AllowAccessToGlobals": true,
        "OptimizeForDevices": "Off",
        "IsGroupControl": false,
        "IsAutoGenerated": false,
        "Rules": [
          {
            "Property": "Text",
            "Category": "Data",
            "InvariantScript": "Switch(\r\n    /*Factory Method*/\r\n    varRolUsuario.Value,\r\n    \"Admin\",If(varIdioma=\"es\",\"Contabilidad\",\"Accounting\"),\r\n    \"User\",If(varIdioma=\"es\",\"Facturación\",\"Billing\")\r\n)",
            "RuleProviderType": "User"
          },
          {
            "Property": "Tooltip",
            "Category": "Data",
            "InvariantScript": "\"\"",
            "RuleProviderType": "Unknown"
          },
          {
            "Property": "ContentLanguage",
            "Category": "Data",
            "InvariantScript": "\"\"",
            "RuleProviderType": "Unknown"
          },
          {
            "Property": "AutoDisableOnSelect",
            "Category": "Design",
            "InvariantScript": "true",
            "RuleProviderType": "Unknown"
          },
          {
            "Property": "BorderColor",
            "Category": "Design",
            "InvariantScript": "RGBA(0, 0, 0, 0)",
            "RuleProviderType": "Unknown"
          },
          {
            "Property": "RadiusTopLeft",
            "Category": "Design",
            "InvariantScript": "0",
            "RuleProviderType": "System"
          },
          {
            "Property": "RadiusTopRight",
            "Category": "Design",
            "InvariantScript": "0",
            "RuleProviderType": "System"
          },
          {
            "Property": "RadiusBottomLeft",
            "Category": "Design",
            "InvariantScript": "0",
            "RuleProviderType": "System"
          },
          {
            "Property": "RadiusBottomRight",
            "Category": "Design",
            "InvariantScript": "0",
            "RuleProviderType": "System"
          },
          {
            "Property": "DisabledBorderColor",
            "Category": "Design",
            "InvariantScript": "RGBA(0, 0, 0, 0)",
            "RuleProviderType": "Unknown"
          },
          {
            "Property": "PressedBorderColor",
            "Category": "Design",
            "InvariantScript": "RGBA(0, 69, 120, 1)",
            "RuleProviderType": "Unknown"
          },
          {
            "Property": "HoverBorderColor",
            "Category": "Design",
            "InvariantScript": "RGBA(0, 0, 0, 0)",
            "RuleProviderType": "Unknown"
          },
          {
            "Property": "BorderStyle",
            "Category": "Design",
            "InvariantScript": "BorderStyle.None",
            "RuleProviderType": "Unknown"
          },
          {
            "Property": "BorderThickness",
            "Category": "Design",
            "InvariantScript": "0",
            "RuleProviderType": "System"
          },
          {
            "Property": "FocusedBorderColor",
            "Category": "Design",
            "InvariantScript": "Self.BorderColor",
            "RuleProviderType": "Unknown"
          },
          {
            "Property": "FocusedBorderThickness",
            "Category": "Design",
            "InvariantScript": "4",
            "RuleProviderType": "Unknown"
          },
          {
            "Property": "Color",
            "Category": "Design",
            "InvariantScript": "RGBA(255, 255, 255, 1)",
            "RuleProviderType": "Unknown"
          },
          {
            "Property": "DisabledColor",
            "Category": "Design",
            "InvariantScript": "RGBA(161, 159, 157, 1)",
            "RuleProviderType": "Unknown"
          },
          {
            "Property": "PressedColor",
            "Category": "Design",
            "InvariantScript": "RGBA(255, 255, 255, 1)",
            "RuleProviderType": "Unknown"
          },
          {
            "Property": "HoverColor",
            "Category": "Design",
            "InvariantScript": "RGBA(53, 61, 63, 1)",
            "RuleProviderType": "Unknown"
          },
          {
            "Property": "DisplayMode",
            "Category": "Design",
            "InvariantScript": "DisplayMode.Edit",
            "RuleProviderType": "Unknown"
          },
          {
            "Property": "Fill",
            "Category": "Design",
            "InvariantScript": "RGBA(0, 0, 0, 0)",
            "RuleProviderType": "Unknown"
          },
          {
            "Property": "DisabledFill",
            "Category": "Design",
            "InvariantScript": "RGBA(242, 242, 241, 0)",
            "RuleProviderType": "Unknown"
          },
          {
            "Property": "PressedFill",
            "Category": "Design",
            "InvariantScript": "RGBA(0, 0, 0, 1)",
            "RuleProviderType": "Unknown"
          },
          {
            "Property": "HoverFill",
            "Category": "Design",
            "InvariantScript": "RGBA(255, 255, 255, 1)",
            "RuleProviderType": "Unknown"
          },
          {
            "Property": "Font",
            "Category": "Design",
            "InvariantScript": "Font.'Segoe UI'",
            "RuleProviderType": "Unknown"
          },
          {
            "Property": "Size",
            "Category": "Design",
            "InvariantScript": "Size+2",
            "RuleProviderType": "Unknown"
          },
          {
            "Property": "FontWeight",
            "Category": "Design",
            "InvariantScript": "FontWeight.Semibold",
            "RuleProviderType": "Unknown"
          },
          {
            "Property": "Italic",
            "Category": "Design",
            "InvariantScript": "false",
            "RuleProviderType": "Unknown"
          },
          {
            "Property": "Underline",
            "Category": "Design",
            "InvariantScript": "false",
            "RuleProviderType": "Unknown"
          },
          {
            "Property": "Strikethrough",
            "Category": "Design",
            "InvariantScript": "false",
            "RuleProviderType": "Unknown"
          },
          {
            "Property": "Align",
            "Category": "Design",
            "InvariantScript": "Align.Center",
            "RuleProviderType": "Unknown"
          },
          {
            "Property": "PaddingTop",
            "Category": "Design",
            "InvariantScript": "5",
            "RuleProviderType": "Unknown"
          },
          {
            "Property": "PaddingRight",
            "Category": "Design",
            "InvariantScript": "5",
            "RuleProviderType": "Unknown"
          },
          {
            "Property": "PaddingBottom",
            "Category": "Design",
            "InvariantScript": "5",
            "RuleProviderType": "Unknown"
          },
          {
            "Property": "PaddingLeft",
            "Category": "Design",
            "InvariantScript": "5",
            "RuleProviderType": "Unknown"
          },
          {
            "Property": "Visible",
            "Category": "Design",
            "InvariantScript": "Switch(\r\n    varActiveScreen,\r\n    1,true,\r\n    2,false,\r\n    3,false,\r\n    4,false,\r\n    5,false\r\n)\r\n",
            "RuleProviderType": "User"
          },
          {
            "Property": "VerticalAlign",
            "Category": "Design",
            "InvariantScript": "VerticalAlign.Middle",
            "RuleProviderType": "Unknown"
          },
          {
            "Property": "X",
            "Category": "Design",
            "InvariantScript": "Button5_1.X+Button5_1.Width",
            "RuleProviderType": "User"
          },
          {
            "Property": "Y",
            "Category": "Design",
            "InvariantScript": "0\n//(Parent.Height-Self.Height)/2",
            "RuleProviderType": "Unknown"
          },
          {
            "Property": "Width",
            "Category": "Design",
            "InvariantScript": "160",
            "RuleProviderType": "Unknown"
          },
          {
            "Property": "Height",
            "Category": "Design",
            "InvariantScript": "Parent.Height",
            "RuleProviderType": "Unknown"
          },
          {
            "Property": "TabIndex",
            "Category": "Design",
            "InvariantScript": "0",
            "RuleProviderType": "System"
          },
          {
            "Property": "maximumHeight",
            "Category": "Design",
            "InvariantScript": "768",
            "RuleProviderType": "Unknown"
          },
          {
            "Property": "maximumWidth",
            "Category": "Design",
            "InvariantScript": "1366",
            "RuleProviderType": "Unknown"
          },
          {
            "Property": "minimumHeight",
            "Category": "Design",
            "InvariantScript": "5",
            "RuleProviderType": "Unknown"
          },
          {
            "Property": "minimumWidth",
            "Category": "Design",
            "InvariantScript": "5",
            "RuleProviderType": "Unknown"
          },
          {
            "Property": "ZIndex",
            "Category": "Design",
            "InvariantScript": "4",
            "RuleProviderType": "Unknown"
          },
          {
            "Property": "OnSelect",
            "Category": "Behavior",
            "InvariantScript": "Switch(\n    varRolUsuario.Value,\n    \"Admin\",Navigate(FrmAccounting),\n    \"User\",Navigate(FrmBilling)\n\n)",
            "RuleProviderType": "User"
          }
        ],
        "ControlPropertyState": [
          {
            "InvariantPropertyName": "OnSelect",
            "AutoRuleBindingEnabled": false,
            "AutoRuleBindingString": "Switch(\n    varActiveScreen,\n    1, Navigate(FrmProducts)\n)",
            "NameMapSourceSchema": "?",
            "IsLockable": false,
            "AFDDataSourceName": ""
          },
          "AutoDisableOnSelect",
          {
            "InvariantPropertyName": "Text",
            "AutoRuleBindingEnabled": false,
            "AutoRuleBindingString": "If(varIdioma=\"es\",\"Productos\",\"Products\")",
            "NameMapSourceSchema": "?",
            "IsLockable": false,
            "AFDDataSourceName": ""
          },
          "Tooltip",
          "ContentLanguage",
          "BorderColor",
          "RadiusTopLeft",
          "RadiusTopRight",
          "RadiusBottomLeft",
          "RadiusBottomRight",
          "DisabledBorderColor",
          "PressedBorderColor",
          "HoverBorderColor",
          "BorderStyle",
          "BorderThickness",
          "FocusedBorderColor",
          "FocusedBorderThickness",
          "Color",
          "DisabledColor",
          "PressedColor",
          "HoverColor",
          "DisplayMode",
          "Fill",
          "DisabledFill",
          "PressedFill",
          "HoverFill",
          "Font",
          "Size",
          "FontWeight",
          "Italic",
          "Underline",
          "Strikethrough",
          "Align",
          "PaddingTop",
          "PaddingRight",
          "PaddingBottom",
          "PaddingLeft",
          {
            "InvariantPropertyName": "Visible",
            "AutoRuleBindingEnabled": false,
            "AutoRuleBindingString": "Switch(\n    varActiveScreen,\n    1,true,\n    2,false\n)",
            "NameMapSourceSchema": "?",
            "IsLockable": false,
            "AFDDataSourceName": ""
          },
          "VerticalAlign",
          {
            "InvariantPropertyName": "X",
            "AutoRuleBindingEnabled": false,
            "AutoRuleBindingString": "Button5.X+Button5.Width",
            "NameMapSourceSchema": "?",
            "IsLockable": false,
            "AFDDataSourceName": ""
          },
          "Y",
          "Width",
          "Height",
          "TabIndex",
          "maximumHeight",
          "maximumWidth",
          "minimumHeight",
          "minimumWidth",
          "ZIndex"
        ],
        "IsLocked": false,
        "ControlUniqueId": "19",
        "Children": []
      },
      {
        "Type": "ControlInfo",
        "Name": "Button5_3",
        "HasDynamicProperties": false,
        "Template": {
          "Id": "http://microsoft.com/appmagic/button",
          "Version": "2.2.0",
          "LastModifiedTimestamp": "0",
          "Name": "button",
          "FirstParty": true,
          "IsPremiumPcfControl": false,
          "IsCustomGroupControlTemplate": false,
          "CustomGroupControlTemplateName": "",
          "IsComponentDefinition": false,
          "OverridableProperties": {}
        },
        "Index": 0,
        "PublishOrderIndex": 158,
        "VariantName": "",
        "LayoutName": "",
        "MetaDataIDKey": "",
        "PersistMetaDataIDKey": false,
        "IsFromScreenLayout": false,
        "StyleName": "defaultButtonStyle",
        "Parent": "LinksBar",
        "IsDataControl": false,
        "AllowAccessToGlobals": true,
        "OptimizeForDevices": "Off",
        "IsGroupControl": false,
        "IsAutoGenerated": false,
        "Rules": [
          {
            "Property": "Text",
            "Category": "Data",
            "InvariantScript": "Switch(\n    varRolUsuario.Value,\n    \"Admin\",If(varIdioma=\"es\",\"Usuarios\",\"Users\")\n)",
            "RuleProviderType": "User"
          },
          {
            "Property": "Tooltip",
            "Category": "Data",
            "InvariantScript": "\"\"",
            "RuleProviderType": "Unknown"
          },
          {
            "Property": "ContentLanguage",
            "Category": "Data",
            "InvariantScript": "\"\"",
            "RuleProviderType": "Unknown"
          },
          {
            "Property": "AutoDisableOnSelect",
            "Category": "Design",
            "InvariantScript": "true",
            "RuleProviderType": "Unknown"
          },
          {
            "Property": "BorderColor",
            "Category": "Design",
            "InvariantScript": "RGBA(0, 0, 0, 0)",
            "RuleProviderType": "Unknown"
          },
          {
            "Property": "RadiusTopLeft",
            "Category": "Design",
            "InvariantScript": "0",
            "RuleProviderType": "System"
          },
          {
            "Property": "RadiusTopRight",
            "Category": "Design",
            "InvariantScript": "0",
            "RuleProviderType": "System"
          },
          {
            "Property": "RadiusBottomLeft",
            "Category": "Design",
            "InvariantScript": "0",
            "RuleProviderType": "System"
          },
          {
            "Property": "RadiusBottomRight",
            "Category": "Design",
            "InvariantScript": "0",
            "RuleProviderType": "System"
          },
          {
            "Property": "DisabledBorderColor",
            "Category": "Design",
            "InvariantScript": "RGBA(0, 0, 0, 0)",
            "RuleProviderType": "Unknown"
          },
          {
            "Property": "PressedBorderColor",
            "Category": "Design",
            "InvariantScript": "RGBA(0, 69, 120, 1)",
            "RuleProviderType": "Unknown"
          },
          {
            "Property": "HoverBorderColor",
            "Category": "Design",
            "InvariantScript": "RGBA(0, 0, 0, 0)",
            "RuleProviderType": "Unknown"
          },
          {
            "Property": "BorderStyle",
            "Category": "Design",
            "InvariantScript": "BorderStyle.None",
            "RuleProviderType": "Unknown"
          },
          {
            "Property": "BorderThickness",
            "Category": "Design",
            "InvariantScript": "0",
            "RuleProviderType": "System"
          },
          {
            "Property": "FocusedBorderColor",
            "Category": "Design",
            "InvariantScript": "Self.BorderColor",
            "RuleProviderType": "Unknown"
          },
          {
            "Property": "FocusedBorderThickness",
            "Category": "Design",
            "InvariantScript": "4",
            "RuleProviderType": "Unknown"
          },
          {
            "Property": "Color",
            "Category": "Design",
            "InvariantScript": "RGBA(255, 255, 255, 1)",
            "RuleProviderType": "Unknown"
          },
          {
            "Property": "DisabledColor",
            "Category": "Design",
            "InvariantScript": "RGBA(161, 159, 157, 1)",
            "RuleProviderType": "Unknown"
          },
          {
            "Property": "PressedColor",
            "Category": "Design",
            "InvariantScript": "RGBA(255, 255, 255, 1)",
            "RuleProviderType": "Unknown"
          },
          {
            "Property": "HoverColor",
            "Category": "Design",
            "InvariantScript": "RGBA(53, 61, 63, 1)",
            "RuleProviderType": "Unknown"
          },
          {
            "Property": "DisplayMode",
            "Category": "Design",
            "InvariantScript": "DisplayMode.Edit",
            "RuleProviderType": "Unknown"
          },
          {
            "Property": "Fill",
            "Category": "Design",
            "InvariantScript": "RGBA(0, 0, 0, 0)",
            "RuleProviderType": "Unknown"
          },
          {
            "Property": "DisabledFill",
            "Category": "Design",
            "InvariantScript": "RGBA(242, 242, 241, 0)",
            "RuleProviderType": "Unknown"
          },
          {
            "Property": "PressedFill",
            "Category": "Design",
            "InvariantScript": "RGBA(0, 0, 0, 1)",
            "RuleProviderType": "Unknown"
          },
          {
            "Property": "HoverFill",
            "Category": "Design",
            "InvariantScript": "RGBA(255, 255, 255, 1)",
            "RuleProviderType": "Unknown"
          },
          {
            "Property": "Font",
            "Category": "Design",
            "InvariantScript": "Font.'Segoe UI'",
            "RuleProviderType": "Unknown"
          },
          {
            "Property": "Size",
            "Category": "Design",
            "InvariantScript": "Size+2",
            "RuleProviderType": "Unknown"
          },
          {
            "Property": "FontWeight",
            "Category": "Design",
            "InvariantScript": "FontWeight.Semibold",
            "RuleProviderType": "Unknown"
          },
          {
            "Property": "Italic",
            "Category": "Design",
            "InvariantScript": "false",
            "RuleProviderType": "Unknown"
          },
          {
            "Property": "Underline",
            "Category": "Design",
            "InvariantScript": "false",
            "RuleProviderType": "Unknown"
          },
          {
            "Property": "Strikethrough",
            "Category": "Design",
            "InvariantScript": "false",
            "RuleProviderType": "Unknown"
          },
          {
            "Property": "Align",
            "Category": "Design",
            "InvariantScript": "Align.Center",
            "RuleProviderType": "Unknown"
          },
          {
            "Property": "PaddingTop",
            "Category": "Design",
            "InvariantScript": "5",
            "RuleProviderType": "Unknown"
          },
          {
            "Property": "PaddingRight",
            "Category": "Design",
            "InvariantScript": "5",
            "RuleProviderType": "Unknown"
          },
          {
            "Property": "PaddingBottom",
            "Category": "Design",
            "InvariantScript": "5",
            "RuleProviderType": "Unknown"
          },
          {
            "Property": "PaddingLeft",
            "Category": "Design",
            "InvariantScript": "5",
            "RuleProviderType": "Unknown"
          },
          {
            "Property": "Visible",
            "Category": "Design",
            "InvariantScript": "Switch(\n    varRolUsuario.Value,\n    \"Admin\",If(varActiveScreen=1,true,false), \n    \"User\",false\n) ",
            "RuleProviderType": "User"
          },
          {
            "Property": "VerticalAlign",
            "Category": "Design",
            "InvariantScript": "VerticalAlign.Middle",
            "RuleProviderType": "Unknown"
          },
          {
            "Property": "X",
            "Category": "Design",
            "InvariantScript": "Button5_2.X+Button5_2.Width",
            "RuleProviderType": "User"
          },
          {
            "Property": "Y",
            "Category": "Design",
            "InvariantScript": "0\n//(Parent.Height-Self.Height)/2",
            "RuleProviderType": "Unknown"
          },
          {
            "Property": "Width",
            "Category": "Design",
            "InvariantScript": "160",
            "RuleProviderType": "Unknown"
          },
          {
            "Property": "Height",
            "Category": "Design",
            "InvariantScript": "Parent.Height",
            "RuleProviderType": "Unknown"
          },
          {
            "Property": "TabIndex",
            "Category": "Design",
            "InvariantScript": "0",
            "RuleProviderType": "System"
          },
          {
            "Property": "maximumHeight",
            "Category": "Design",
            "InvariantScript": "768",
            "RuleProviderType": "Unknown"
          },
          {
            "Property": "maximumWidth",
            "Category": "Design",
            "InvariantScript": "1366",
            "RuleProviderType": "Unknown"
          },
          {
            "Property": "minimumHeight",
            "Category": "Design",
            "InvariantScript": "5",
            "RuleProviderType": "Unknown"
          },
          {
            "Property": "minimumWidth",
            "Category": "Design",
            "InvariantScript": "5",
            "RuleProviderType": "Unknown"
          },
          {
            "Property": "ZIndex",
            "Category": "Design",
            "InvariantScript": "5",
            "RuleProviderType": "Unknown"
          },
          {
            "Property": "OnSelect",
            "Category": "Behavior",
            "InvariantScript": "Navigate(FrmSettings)",
            "RuleProviderType": "User"
          }
        ],
        "ControlPropertyState": [
          {
            "InvariantPropertyName": "OnSelect",
            "AutoRuleBindingEnabled": false,
            "AutoRuleBindingString": "Switch(\n    varRolUsuario.Value,\n    \"Admin\",Navigate(FrmAccounting),\n    \"User\",Navigate(FrmBilling)\n\n)",
            "NameMapSourceSchema": "?",
            "IsLockable": false,
            "AFDDataSourceName": ""
          },
          "AutoDisableOnSelect",
          {
            "InvariantPropertyName": "Text",
            "AutoRuleBindingEnabled": false,
            "AutoRuleBindingString": "Switch(\n    varRolUsuario.Value,\n    \"Admin\",If(varIdioma=\"es\",\"Contabilidad\",\"Accounting\"),\n    \"User\",If(varIdioma=\"es\",\"Facturación\",\"Billing\")\n)",
            "NameMapSourceSchema": "?",
            "IsLockable": false,
            "AFDDataSourceName": ""
          },
          "Tooltip",
          "ContentLanguage",
          "BorderColor",
          "RadiusTopLeft",
          "RadiusTopRight",
          "RadiusBottomLeft",
          "RadiusBottomRight",
          "DisabledBorderColor",
          "PressedBorderColor",
          "HoverBorderColor",
          "BorderStyle",
          "BorderThickness",
          "FocusedBorderColor",
          "FocusedBorderThickness",
          "Color",
          "DisabledColor",
          "PressedColor",
          "HoverColor",
          "DisplayMode",
          "Fill",
          "DisabledFill",
          "PressedFill",
          "HoverFill",
          "Font",
          "Size",
          "FontWeight",
          "Italic",
          "Underline",
          "Strikethrough",
          "Align",
          "PaddingTop",
          "PaddingRight",
          "PaddingBottom",
          "PaddingLeft",
          {
            "InvariantPropertyName": "Visible",
            "AutoRuleBindingEnabled": false,
            "AutoRuleBindingString": "Switch(\n    varActiveScreen,\n    1,true,\n    2,false\n)",
            "NameMapSourceSchema": "?",
            "IsLockable": false,
            "AFDDataSourceName": ""
          },
          "VerticalAlign",
          {
            "InvariantPropertyName": "X",
            "AutoRuleBindingEnabled": false,
            "AutoRuleBindingString": "Button5_1.X+Button5_1.Width",
            "NameMapSourceSchema": "?",
            "IsLockable": false,
            "AFDDataSourceName": ""
          },
          "Y",
          "Width",
          "Height",
          "TabIndex",
          "maximumHeight",
          "maximumWidth",
          "minimumHeight",
          "minimumWidth",
          "ZIndex"
        ],
        "IsLocked": false,
        "ControlUniqueId": "20",
        "Children": []
      },
      {
        "Type": "ControlInfo",
        "Name": "Icon5",
        "HasDynamicProperties": false,
        "Template": {
          "Id": "http://microsoft.com/appmagic/icon",
          "Version": "2.5.0",
          "LastModifiedTimestamp": "0",
          "Name": "icon",
          "FirstParty": true,
          "IsPremiumPcfControl": false,
          "IsCustomGroupControlTemplate": false,
          "CustomGroupControlTemplateName": "",
          "IsComponentDefinition": false,
          "OverridableProperties": {}
        },
        "Index": 0,
        "PublishOrderIndex": 159,
        "VariantName": "Sync",
        "LayoutName": "",
        "MetaDataIDKey": "",
        "PersistMetaDataIDKey": false,
        "IsFromScreenLayout": false,
        "StyleName": "defaultIconStyle",
        "Parent": "LinksBar",
        "IsDataControl": false,
        "AllowAccessToGlobals": true,
        "OptimizeForDevices": "Off",
        "IsGroupControl": false,
        "IsAutoGenerated": false,
        "Rules": [
          {
            "Property": "Icon",
            "Category": "Design",
            "InvariantScript": "Icon.Sync",
            "RuleProviderType": "Unknown"
          },
          {
            "Property": "Color",
            "Category": "Design",
            "InvariantScript": "RGBA(0, 0, 0, 1)",
            "RuleProviderType": "Unknown"
          },
          {
            "Property": "DisabledColor",
            "Category": "Design",
            "InvariantScript": "RGBA(0, 0, 0, 1)",
            "RuleProviderType": "Unknown"
          },
          {
            "Property": "PressedColor",
            "Category": "Design",
            "InvariantScript": "RGBA(16, 110, 190, 1)",
            "RuleProviderType": "Unknown"
          },
          {
            "Property": "HoverColor",
            "Category": "Design",
            "InvariantScript": "RGBA(0, 0, 0, 1)",
            "RuleProviderType": "Unknown"
          },
          {
            "Property": "Fill",
            "Category": "Design",
            "InvariantScript": "RGBA(0, 0, 0, 0)",
            "RuleProviderType": "Unknown"
          },
          {
            "Property": "DisabledFill",
            "Category": "Design",
            "InvariantScript": "RGBA(0, 0, 0, 0)",
            "RuleProviderType": "Unknown"
          },
          {
            "Property": "PressedFill",
            "Category": "Design",
            "InvariantScript": "RGBA(0, 0, 0, 0)",
            "RuleProviderType": "Unknown"
          },
          {
            "Property": "HoverFill",
            "Category": "Design",
            "InvariantScript": "RGBA(0, 0, 0, 0)",
            "RuleProviderType": "Unknown"
          },
          {
            "Property": "DisplayMode",
            "Category": "Design",
            "InvariantScript": "DisplayMode.Edit",
            "RuleProviderType": "Unknown"
          },
          {
            "Property": "X",
            "Category": "Design",
            "InvariantScript": "Parent.Width-Self.Width -50",
            "RuleProviderType": "User"
          },
          {
            "Property": "Y",
            "Category": "Design",
            "InvariantScript": "(Parent.Height-Self.Height)/2",
            "RuleProviderType": "User"
          },
          {
            "Property": "Width",
            "Category": "Design",
            "InvariantScript": "Parent.Width/50",
            "RuleProviderType": "User"
          },
          {
            "Property": "Height",
            "Category": "Design",
            "InvariantScript": "25",
            "RuleProviderType": "Unknown"
          },
          {
            "Property": "BorderStyle",
            "Category": "Design",
            "InvariantScript": "BorderStyle.Solid",
            "RuleProviderType": "Unknown"
          },
          {
            "Property": "BorderColor",
            "Category": "Design",
            "InvariantScript": "RGBA(0, 0, 0, 0)",
            "RuleProviderType": "Unknown"
          },
          {
            "Property": "DisabledBorderColor",
            "Category": "Design",
            "InvariantScript": "RGBA(245, 245, 245, 1)",
            "RuleProviderType": "Unknown"
          },
          {
            "Property": "PressedBorderColor",
            "Category": "Design",
            "InvariantScript": "RGBA(0, 0, 0, 0)",
            "RuleProviderType": "Unknown"
          },
          {
            "Property": "HoverBorderColor",
            "Category": "Design",
            "InvariantScript": "RGBA(0, 0, 0, 0)",
            "RuleProviderType": "Unknown"
          },
          {
            "Property": "FocusedBorderColor",
            "Category": "Design",
            "InvariantScript": "Self.BorderColor",
            "RuleProviderType": "Unknown"
          },
          {
            "Property": "ZIndex",
            "Category": "Design",
            "InvariantScript": "6",
            "RuleProviderType": "Unknown"
          },
          {
            "Property": "BorderThickness",
            "Category": "Design",
            "InvariantScript": "0",
            "RuleProviderType": "System"
          },
          {
            "Property": "FocusedBorderThickness",
            "Category": "Design",
            "InvariantScript": "4",
            "RuleProviderType": "Unknown"
          },
          {
            "Property": "Visible",
            "Category": "Design",
            "InvariantScript": "If(varUsuario=\"JUAN CAMILO PARRA GONZALEZ\",true,false)",
            "RuleProviderType": "User"
          },
          {
            "Property": "OnSelect",
            "Category": "Behavior",
            "InvariantScript": "If(varRolUsuario.Value=\"Admin\",Set(varRolUsuario,{Value:\"User\"}),Set(varRolUsuario,{Value:\"Admin\"}))",
            "RuleProviderType": "User"
          }
        ],
        "ControlPropertyState": [
          "Icon",
          {
            "InvariantPropertyName": "Color",
            "AutoRuleBindingEnabled": false,
            "AutoRuleBindingString": "",
            "NameMapSourceSchema": "?",
            "IsLockable": false,
            "AFDDataSourceName": ""
          },
          {
            "InvariantPropertyName": "DisabledColor",
            "AutoRuleBindingEnabled": false,
            "AutoRuleBindingString": "",
            "NameMapSourceSchema": "?",
            "IsLockable": false,
            "AFDDataSourceName": ""
          },
          "PressedColor",
          {
            "InvariantPropertyName": "HoverColor",
            "AutoRuleBindingEnabled": false,
            "AutoRuleBindingString": "",
            "NameMapSourceSchema": "?",
            "IsLockable": false,
            "AFDDataSourceName": ""
          },
          "Fill",
          "DisabledFill",
          "PressedFill",
          "HoverFill",
          "DisplayMode",
          {
            "InvariantPropertyName": "X",
            "AutoRuleBindingEnabled": false,
            "AutoRuleBindingString": "40",
            "NameMapSourceSchema": "?",
            "IsLockable": false,
            "AFDDataSourceName": ""
          },
          {
            "InvariantPropertyName": "Y",
            "AutoRuleBindingEnabled": false,
            "AutoRuleBindingString": "40",
            "NameMapSourceSchema": "?",
            "IsLockable": false,
            "AFDDataSourceName": ""
          },
          {
            "InvariantPropertyName": "Width",
            "AutoRuleBindingEnabled": false,
            "AutoRuleBindingString": "",
            "NameMapSourceSchema": "?",
            "IsLockable": false,
            "AFDDataSourceName": ""
          },
          {
            "InvariantPropertyName": "Height",
            "AutoRuleBindingEnabled": false,
            "AutoRuleBindingString": "",
            "NameMapSourceSchema": "?",
            "IsLockable": false,
            "AFDDataSourceName": ""
          },
          "BorderStyle",
          "BorderColor",
          "DisabledBorderColor",
          "PressedBorderColor",
          "HoverBorderColor",
          "FocusedBorderColor",
          "ZIndex",
          "BorderThickness",
          "FocusedBorderThickness",
          {
            "InvariantPropertyName": "Visible",
            "AutoRuleBindingEnabled": false,
            "AutoRuleBindingString": "true",
            "NameMapSourceSchema": "?",
            "IsLockable": false,
            "AFDDataSourceName": ""
          },
          {
            "InvariantPropertyName": "OnSelect",
            "AutoRuleBindingEnabled": false,
            "AutoRuleBindingString": "false",
            "NameMapSourceSchema": "?",
            "IsLockable": false,
            "AFDDataSourceName": ""
          }
        ],
        "IsLocked": false,
        "ControlUniqueId": "21",
        "Children": []
      }
    ]
  }
}