{
  "Components": [
    {
      "Name": "MBar",
      "TemplateName": "277902a0334c4c1db10636d9251f7b1b",
      "Description": "",
      "AllowCustomization": true,
      "AllowAccessToGlobals": true
    },
    {
      "Name": "NavBar",
      "TemplateName": "c329ae0fb5a448f4bd89911a511ae9ed",
      "Description": "",
      "AllowCustomization": true,
      "AllowAccessToGlobals": true
    },
    {
      "Name": "LinksBar",
      "TemplateName": "a37ddddccf6c4278b78a7a9e46a1bf1f",
      "Description": "",
      "AllowCustomization": true,
      "AllowAccessToGlobals": true
    },
    {
      "Name": "cmpUsuario",
      "TemplateName": "c66e9a03d3c24fcf82bc7e89213f3c89",
      "Description": "",
      "AllowCustomization": true,
      "AllowAccessToGlobals": true
    },
    {
      "Name": "PopUps",
      "TemplateName": "36228599eea64259832cc9e68b4947f7",
      "Description": "",
      "AllowCustomization": true,
      "AllowAccessToGlobals": true
    }
  ]
}