{
  "TopParent": {
    "Type": "ControlInfo",
    "Name": "cmpUsuario",
    "Template": {
      "Id": "http://microsoft.com/appmagic/Component",
      "Version": "1.0",
      "LastModifiedTimestamp": "638951843249887041",
      "Name": "c66e9a03d3c24fcf82bc7e89213f3c89",
      "FirstParty": true,
      "IsPremiumPcfControl": false,
      "IsCustomGroupControlTemplate": false,
      "CustomGroupControlTemplateName": "",
      "IsComponentDefinition": true,
      "CustomProperties": [
        {
          "Name": "Usuario",
          "Category": 0,
          "Type": "{\"Version\":\"1.346\",\"Type\":{\"Name\":\"Root\",\"Kind\":\"String\",\"EnumString\":\"\",\"Type\":[]}}",
          "PropertyDataTypeKey": "String",
          "Hidden": true,
          "DisplayName": "Usuario",
          "Tooltip": "A custom property"
        }
      ],
      "ComponentType": "CanvasComponent",
      "OverridableProperties": {}
    },
    "Index": 12,
    "PublishOrderIndex": 0,
    "VariantName": "",
    "LayoutName": "",
    "MetaDataIDKey": "",
    "PersistMetaDataIDKey": false,
    "IsFromScreenLayout": false,
    "StyleName": "",
    "Parent": "",
    "IsDataControl": false,
    "AllowAccessToGlobals": true,
    "OptimizeForDevices": "Off",
    "IsGroupControl": false,
    "IsAutoGenerated": false,
    "Rules": [
      {
        "Property": "Usuario",
        "Category": "Data",
        "InvariantScript": "\"Usuario\" = varUsuario\r\n\r\n/* Singleton\r\n# Patrón Creacional: Singleton\r\n\r\n## Introducción\r\nEl patrón Singleton garantiza que una clase tenga una única instancia y proporciona un punto de acceso global a ella. Es útil cuando se necesita un único objeto para coordinar acciones en todo el sistema (por ejemplo, una conexión a base de datos o un registro de logs).\r\n\r\n\r\n**¿Dónde se usa en proyectos reales?**\r\nEn sistemas de configuración global, gestión de conexiones a base de datos, registro de logs, controladores de hardware, etc.\r\n*/\r\n\r\n// Existen variables de contexto, globales y colecciones",
        "RuleProviderType": "System"
      },
      {
        "Property": "Fill",
        "Category": "Design",
        "InvariantScript": "RGBA(0, 0, 0, 0)",
        "RuleProviderType": "System"
      },
      {
        "Property": "Height",
        "Category": "Design",
        "InvariantScript": "0",
        "RuleProviderType": "System"
      },
      {
        "Property": "Width",
        "Category": "Design",
        "InvariantScript": "0",
        "RuleProviderType": "System"
      },
      {
        "Property": "X",
        "Category": "Design",
        "InvariantScript": "0",
        "RuleProviderType": "System"
      },
      {
        "Property": "Y",
        "Category": "Design",
        "InvariantScript": "0",
        "RuleProviderType": "System"
      },
      {
        "Property": "ZIndex",
        "Category": "Design",
        "InvariantScript": "1",
        "RuleProviderType": "System"
      },
      {
        "Property": "OnReset",
        "Category": "Behavior",
        "InvariantScript": "Set(varUsuario, User().FullName)",
        "RuleProviderType": "System"
      }
    ],
    "ControlPropertyState": [
      "Fill",
      {
        "InvariantPropertyName": "Height",
        "AutoRuleBindingEnabled": false,
        "AutoRuleBindingString": "",
        "NameMapSourceSchema": "?",
        "IsLockable": false,
        "AFDDataSourceName": ""
      },
      {
        "InvariantPropertyName": "Width",
        "AutoRuleBindingEnabled": false,
        "AutoRuleBindingString": "",
        "NameMapSourceSchema": "?",
        "IsLockable": false,
        "AFDDataSourceName": ""
      },
      "X",
      "Y",
      "ZIndex",
      {
        "InvariantPropertyName": "Usuario",
        "AutoRuleBindingEnabled": false,
        "AutoRuleBindingString": "\"Text\"",
        "NameMapSourceSchema": "?",
        "IsLockable": false,
        "AFDDataSourceName": ""
      },
      {
        "InvariantPropertyName": "OnReset",
        "AutoRuleBindingEnabled": false,
        "AutoRuleBindingString": "",
        "NameMapSourceSchema": "?",
        "IsLockable": false,
        "AFDDataSourceName": ""
      }
    ],
    "IsLocked": false,
    "ControlUniqueId": "22",
    "Children": []
  }
}