{
  "TopParent": {
    "Type": "ControlInfo",
    "Name": "MBar",
    "Template": {
      "Id": "http://microsoft.com/appmagic/Component",
      "Version": "1.0",
      "LastModifiedTimestamp": "638951843249881163",
      "Name": "277902a0334c4c1db10636d9251f7b1b",
      "FirstParty": true,
      "IsPremiumPcfControl": false,
      "IsCustomGroupControlTemplate": false,
      "CustomGroupControlTemplateName": "",
      "IsComponentDefinition": true,
      "CustomProperties": [],
      "ComponentType": "CanvasComponent",
      "OverridableProperties": {}
    },
    "Index": 9,
    "PublishOrderIndex": 0,
    "VariantName": "",
    "LayoutName": "",
    "MetaDataIDKey": "",
    "PersistMetaDataIDKey": false,
    "IsFromScreenLayout": false,
    "StyleName": "",
    "Parent": "",
    "IsDataControl": false,
    "AllowAccessToGlobals": true,
    "OptimizeForDevices": "Off",
    "IsGroupControl": false,
    "IsAutoGenerated": false,
    "Rules": [
      {
        "Property": "Fill",
        "Category": "Design",
        "InvariantScript": "RGBA(0, 0, 0, 0)",
        "RuleProviderType": "System"
      },
      {
        "Property": "Height",
        "Category": "Design",
        "InvariantScript": "App.Height/10",
        "RuleProviderType": "System"
      },
      {
        "Property": "Width",
        "Category": "Design",
        "InvariantScript": "App.Width",
        "RuleProviderType": "System"
      },
      {
        "Property": "X",
        "Category": "Design",
        "InvariantScript": "0",
        "RuleProviderType": "System"
      },
      {
        "Property": "Y",
        "Category": "Design",
        "InvariantScript": "0",
        "RuleProviderType": "System"
      },
      {
        "Property": "ZIndex",
        "Category": "Design",
        "InvariantScript": "1",
        "RuleProviderType": "System"
      }
    ],
    "ControlPropertyState": [
      "Fill",
      {
        "InvariantPropertyName": "Height",
        "AutoRuleBindingEnabled": false,
        "AutoRuleBindingString": "640",
        "NameMapSourceSchema": "?",
        "IsLockable": false,
        "AFDDataSourceName": ""
      },
      {
        "InvariantPropertyName": "Width",
        "AutoRuleBindingEnabled": false,
        "AutoRuleBindingString": "640",
        "NameMapSourceSchema": "?",
        "IsLockable": false,
        "AFDDataSourceName": ""
      },
      "X",
      "Y",
      "ZIndex"
    ],
    "IsLocked": false,
    "ControlUniqueId": "4",
    "Children": [
      {
        "Type": "ControlInfo",
        "Name": "Container2",
        "HasDynamicProperties": false,
        "Template": {
          "Id": "http://microsoft.com/appmagic/groupContainer",
          "Version": "1.3.0",
          "LastModifiedTimestamp": "0",
          "Name": "groupContainer",
          "FirstParty": true,
          "IsPremiumPcfControl": false,
          "IsCustomGroupControlTemplate": false,
          "CustomGroupControlTemplateName": "",
          "IsComponentDefinition": false,
          "OverridableProperties": {}
        },
        "Index": 0,
        "PublishOrderIndex": 145,
        "VariantName": "manualLayoutContainer",
        "LayoutName": "",
        "MetaDataIDKey": "",
        "PersistMetaDataIDKey": false,
        "IsFromScreenLayout": false,
        "StyleName": "defaultGroupContainerStyle",
        "Parent": "MBar",
        "IsDataControl": false,
        "AllowAccessToGlobals": true,
        "OptimizeForDevices": "Off",
        "IsGroupControl": false,
        "IsAutoGenerated": false,
        "Rules": [
          {
            "Property": "BorderColor",
            "Category": "Design",
            "InvariantScript": "RGBA(0, 0, 0, 1)",
            "RuleProviderType": "Unknown"
          },
          {
            "Property": "BorderStyle",
            "Category": "Design",
            "InvariantScript": "BorderStyle.Solid",
            "RuleProviderType": "Unknown"
          },
          {
            "Property": "Fill",
            "Category": "Design",
            "InvariantScript": "RGBA(3, 0, 0, 0)",
            "RuleProviderType": "Unknown"
          },
          {
            "Property": "X",
            "Category": "Design",
            "InvariantScript": "0",
            "RuleProviderType": "System"
          },
          {
            "Property": "Y",
            "Category": "Design",
            "InvariantScript": "0",
            "RuleProviderType": "System"
          },
          {
            "Property": "Width",
            "Category": "Design",
            "InvariantScript": "Parent.Width",
            "RuleProviderType": "User"
          },
          {
            "Property": "Height",
            "Category": "Design",
            "InvariantScript": "Parent.Height",
            "RuleProviderType": "User"
          },
          {
            "Property": "DisplayMode",
            "Category": "Design",
            "InvariantScript": "DisplayMode.Edit",
            "RuleProviderType": "Unknown"
          },
          {
            "Property": "LayoutMode",
            "Category": "Design",
            "InvariantScript": "LayoutMode.Manual",
            "RuleProviderType": "Unknown"
          },
          {
            "Property": "LayoutDirection",
            "Category": "Design",
            "InvariantScript": "LayoutDirection.Horizontal",
            "RuleProviderType": "Unknown"
          },
          {
            "Property": "LayoutAlignItems",
            "Category": "Design",
            "InvariantScript": "LayoutAlignItems.Start",
            "RuleProviderType": "Unknown"
          },
          {
            "Property": "LayoutJustifyContent",
            "Category": "Design",
            "InvariantScript": "LayoutJustifyContent.Start",
            "RuleProviderType": "Unknown"
          },
          {
            "Property": "LayoutGap",
            "Category": "Design",
            "InvariantScript": "0",
            "RuleProviderType": "System"
          },
          {
            "Property": "LayoutOverflowX",
            "Category": "Design",
            "InvariantScript": "LayoutOverflow.Hide",
            "RuleProviderType": "Unknown"
          },
          {
            "Property": "LayoutOverflowY",
            "Category": "Design",
            "InvariantScript": "LayoutOverflow.Hide",
            "RuleProviderType": "Unknown"
          },
          {
            "Property": "LayoutWrap",
            "Category": "Design",
            "InvariantScript": "false",
            "RuleProviderType": "Unknown"
          },
          {
            "Property": "DropShadow",
            "Category": "Design",
            "InvariantScript": "DropShadow.Light",
            "RuleProviderType": "Unknown"
          },
          {
            "Property": "ZIndex",
            "Category": "Design",
            "InvariantScript": "1",
            "RuleProviderType": "System"
          },
          {
            "Property": "RadiusTopLeft",
            "Category": "Design",
            "InvariantScript": "4",
            "RuleProviderType": "Unknown"
          },
          {
            "Property": "RadiusTopRight",
            "Category": "Design",
            "InvariantScript": "4",
            "RuleProviderType": "Unknown"
          },
          {
            "Property": "RadiusBottomLeft",
            "Category": "Design",
            "InvariantScript": "4",
            "RuleProviderType": "Unknown"
          },
          {
            "Property": "RadiusBottomRight",
            "Category": "Design",
            "InvariantScript": "4",
            "RuleProviderType": "Unknown"
          }
        ],
        "ControlPropertyState": [
          "BorderColor",
          "BorderStyle",
          {
            "InvariantPropertyName": "Fill",
            "AutoRuleBindingEnabled": false,
            "AutoRuleBindingString": "",
            "NameMapSourceSchema": "?",
            "IsLockable": false,
            "AFDDataSourceName": ""
          },
          {
            "InvariantPropertyName": "X",
            "AutoRuleBindingEnabled": false,
            "AutoRuleBindingString": "40",
            "NameMapSourceSchema": "?",
            "IsLockable": false,
            "AFDDataSourceName": ""
          },
          {
            "InvariantPropertyName": "Y",
            "AutoRuleBindingEnabled": false,
            "AutoRuleBindingString": "40",
            "NameMapSourceSchema": "?",
            "IsLockable": false,
            "AFDDataSourceName": ""
          },
          {
            "InvariantPropertyName": "Width",
            "AutoRuleBindingEnabled": false,
            "AutoRuleBindingString": "500",
            "NameMapSourceSchema": "?",
            "IsLockable": false,
            "AFDDataSourceName": ""
          },
          {
            "InvariantPropertyName": "Height",
            "AutoRuleBindingEnabled": false,
            "AutoRuleBindingString": "200",
            "NameMapSourceSchema": "?",
            "IsLockable": false,
            "AFDDataSourceName": ""
          },
          "DisplayMode",
          "LayoutMode",
          "LayoutDirection",
          "LayoutAlignItems",
          "LayoutJustifyContent",
          "LayoutGap",
          "LayoutOverflowX",
          "LayoutOverflowY",
          "LayoutWrap",
          "DropShadow",
          "ZIndex",
          "RadiusTopLeft",
          "RadiusTopRight",
          "RadiusBottomLeft",
          "RadiusBottomRight"
        ],
        "IsLocked": false,
        "ControlUniqueId": "5",
        "Children": [
          {
            "Type": "ControlInfo",
            "Name": "Image1",
            "HasDynamicProperties": false,
            "Template": {
              "Id": "http://microsoft.com/appmagic/image",
              "Version": "2.2.3",
              "LastModifiedTimestamp": "0",
              "Name": "image",
              "FirstParty": true,
              "IsPremiumPcfControl": false,
              "IsCustomGroupControlTemplate": false,
              "CustomGroupControlTemplateName": "",
              "IsComponentDefinition": false,
              "OverridableProperties": {}
            },
            "Index": 0,
            "PublishOrderIndex": 146,
            "VariantName": "",
            "LayoutName": "",
            "MetaDataIDKey": "",
            "PersistMetaDataIDKey": false,
            "IsFromScreenLayout": false,
            "StyleName": "defaultImageStyle",
            "Parent": "Container2",
            "IsDataControl": false,
            "AllowAccessToGlobals": true,
            "OptimizeForDevices": "Off",
            "IsGroupControl": false,
            "IsAutoGenerated": false,
            "Rules": [
              {
                "Property": "Image",
                "Category": "Data",
                "InvariantScript": "User().Image",
                "RuleProviderType": "User"
              },
              {
                "Property": "ImagePosition",
                "Category": "Design",
                "InvariantScript": "ImagePosition.Stretch",
                "RuleProviderType": "Unknown"
              },
              {
                "Property": "ImageRotation",
                "Category": "Design",
                "InvariantScript": "ImageRotation.None",
                "RuleProviderType": "Unknown"
              },
              {
                "Property": "X",
                "Category": "Design",
                "InvariantScript": "App.Width-Self.Width-25",
                "RuleProviderType": "User"
              },
              {
                "Property": "Y",
                "Category": "Design",
                "InvariantScript": "(Parent.Height-Self.Height)/2",
                "RuleProviderType": "User"
              },
              {
                "Property": "Width",
                "Category": "Design",
                "InvariantScript": "App.Width/44",
                "RuleProviderType": "User"
              },
              {
                "Property": "Height",
                "Category": "Design",
                "InvariantScript": "Parent.Height/1.9",
                "RuleProviderType": "User"
              },
              {
                "Property": "Fill",
                "Category": "Design",
                "InvariantScript": "Colors.Background",
                "RuleProviderType": "User"
              },
              {
                "Property": "DisabledFill",
                "Category": "Design",
                "InvariantScript": "RGBA(53, 61, 63, 1)",
                "RuleProviderType": "Unknown"
              },
              {
                "Property": "PressedFill",
                "Category": "Design",
                "InvariantScript": "RGBA(53, 61, 63, 1)",
                "RuleProviderType": "Unknown"
              },
              {
                "Property": "HoverFill",
                "Category": "Design",
                "InvariantScript": "RGBA(53, 61, 63, 1)",
                "RuleProviderType": "Unknown"
              },
              {
                "Property": "BorderColor",
                "Category": "Design",
                "InvariantScript": "Colors.Background",
                "RuleProviderType": "User"
              },
              {
                "Property": "DisabledBorderColor",
                "Category": "Design",
                "InvariantScript": "RGBA(0, 0, 0, 0)",
                "RuleProviderType": "Unknown"
              },
              {
                "Property": "PressedBorderColor",
                "Category": "Design",
                "InvariantScript": "RGBA(0, 0, 0, 0)",
                "RuleProviderType": "Unknown"
              },
              {
                "Property": "HoverBorderColor",
                "Category": "Design",
                "InvariantScript": "RGBA(0, 0, 0, 0)",
                "RuleProviderType": "Unknown"
              },
              {
                "Property": "FocusedBorderColor",
                "Category": "Design",
                "InvariantScript": "Self.BorderColor",
                "RuleProviderType": "Unknown"
              },
              {
                "Property": "BorderStyle",
                "Category": "Design",
                "InvariantScript": "BorderStyle.None",
                "RuleProviderType": "Unknown"
              },
              {
                "Property": "DisplayMode",
                "Category": "Design",
                "InvariantScript": "DisplayMode.Edit",
                "RuleProviderType": "Unknown"
              },
              {
                "Property": "ZIndex",
                "Category": "Design",
                "InvariantScript": "1",
                "RuleProviderType": "System"
              },
              {
                "Property": "RadiusTopLeft",
                "Category": "Design",
                "InvariantScript": "25",
                "RuleProviderType": "Unknown"
              },
              {
                "Property": "RadiusTopRight",
                "Category": "Design",
                "InvariantScript": "25",
                "RuleProviderType": "Unknown"
              },
              {
                "Property": "RadiusBottomLeft",
                "Category": "Design",
                "InvariantScript": "25",
                "RuleProviderType": "Unknown"
              },
              {
                "Property": "RadiusBottomRight",
                "Category": "Design",
                "InvariantScript": "25",
                "RuleProviderType": "Unknown"
              },
              {
                "Property": "BorderThickness",
                "Category": "Design",
                "InvariantScript": "1",
                "RuleProviderType": "System"
              },
              {
                "Property": "FocusedBorderThickness",
                "Category": "Design",
                "InvariantScript": "4",
                "RuleProviderType": "Unknown"
              },
              {
                "Property": "PaddingTop",
                "Category": "Design",
                "InvariantScript": "0",
                "RuleProviderType": "System"
              },
              {
                "Property": "PaddingRight",
                "Category": "Design",
                "InvariantScript": "0",
                "RuleProviderType": "System"
              },
              {
                "Property": "PaddingBottom",
                "Category": "Design",
                "InvariantScript": "0",
                "RuleProviderType": "System"
              },
              {
                "Property": "PaddingLeft",
                "Category": "Design",
                "InvariantScript": "0",
                "RuleProviderType": "System"
              }
            ],
            "ControlPropertyState": [
              {
                "InvariantPropertyName": "Image",
                "AutoRuleBindingEnabled": false,
                "AutoRuleBindingString": "SampleImage",
                "NameMapSourceSchema": "?",
                "IsLockable": false,
                "AFDDataSourceName": ""
              },
              {
                "InvariantPropertyName": "ImagePosition",
                "AutoRuleBindingEnabled": false,
                "AutoRuleBindingString": "",
                "NameMapSourceSchema": "?",
                "IsLockable": false,
                "AFDDataSourceName": ""
              },
              "ImageRotation",
              {
                "InvariantPropertyName": "X",
                "AutoRuleBindingEnabled": false,
                "AutoRuleBindingString": "1244",
                "NameMapSourceSchema": "?",
                "IsLockable": false,
                "AFDDataSourceName": ""
              },
              {
                "InvariantPropertyName": "Y",
                "AutoRuleBindingEnabled": false,
                "AutoRuleBindingString": "40",
                "NameMapSourceSchema": "?",
                "IsLockable": false,
                "AFDDataSourceName": ""
              },
              {
                "InvariantPropertyName": "Width",
                "AutoRuleBindingEnabled": false,
                "AutoRuleBindingString": "100",
                "NameMapSourceSchema": "?",
                "IsLockable": false,
                "AFDDataSourceName": ""
              },
              {
                "InvariantPropertyName": "Height",
                "AutoRuleBindingEnabled": false,
                "AutoRuleBindingString": "100",
                "NameMapSourceSchema": "?",
                "IsLockable": false,
                "AFDDataSourceName": ""
              },
              {
                "InvariantPropertyName": "Fill",
                "AutoRuleBindingEnabled": false,
                "AutoRuleBindingString": "RGBA(0, 0, 0, 0)",
                "NameMapSourceSchema": "?",
                "IsLockable": false,
                "AFDDataSourceName": ""
              },
              {
                "InvariantPropertyName": "DisabledFill",
                "AutoRuleBindingEnabled": false,
                "AutoRuleBindingString": "",
                "NameMapSourceSchema": "?",
                "IsLockable": false,
                "AFDDataSourceName": ""
              },
              {
                "InvariantPropertyName": "PressedFill",
                "AutoRuleBindingEnabled": false,
                "AutoRuleBindingString": "",
                "NameMapSourceSchema": "?",
                "IsLockable": false,
                "AFDDataSourceName": ""
              },
              {
                "InvariantPropertyName": "HoverFill",
                "AutoRuleBindingEnabled": false,
                "AutoRuleBindingString": "",
                "NameMapSourceSchema": "?",
                "IsLockable": false,
                "AFDDataSourceName": ""
              },
              {
                "InvariantPropertyName": "BorderColor",
                "AutoRuleBindingEnabled": false,
                "AutoRuleBindingString": "RGBA(0, 0, 0, 0)",
                "NameMapSourceSchema": "?",
                "IsLockable": false,
                "AFDDataSourceName": ""
              },
              "DisabledBorderColor",
              "PressedBorderColor",
              "HoverBorderColor",
              "FocusedBorderColor",
              "BorderStyle",
              "DisplayMode",
              "ZIndex",
              {
                "InvariantPropertyName": "RadiusTopLeft",
                "AutoRuleBindingEnabled": false,
                "AutoRuleBindingString": "",
                "NameMapSourceSchema": "?",
                "IsLockable": false,
                "AFDDataSourceName": ""
              },
              {
                "InvariantPropertyName": "RadiusTopRight",
                "AutoRuleBindingEnabled": false,
                "AutoRuleBindingString": "",
                "NameMapSourceSchema": "?",
                "IsLockable": false,
                "AFDDataSourceName": ""
              },
              {
                "InvariantPropertyName": "RadiusBottomLeft",
                "AutoRuleBindingEnabled": false,
                "AutoRuleBindingString": "",
                "NameMapSourceSchema": "?",
                "IsLockable": false,
                "AFDDataSourceName": ""
              },
              {
                "InvariantPropertyName": "RadiusBottomRight",
                "AutoRuleBindingEnabled": false,
                "AutoRuleBindingString": "",
                "NameMapSourceSchema": "?",
                "IsLockable": false,
                "AFDDataSourceName": ""
              },
              {
                "InvariantPropertyName": "BorderThickness",
                "AutoRuleBindingEnabled": false,
                "AutoRuleBindingString": "",
                "NameMapSourceSchema": "?",
                "IsLockable": false,
                "AFDDataSourceName": ""
              },
              "FocusedBorderThickness",
              "PaddingTop",
              "PaddingRight",
              "PaddingBottom",
              "PaddingLeft"
            ],
            "IsLocked": false,
            "ControlUniqueId": "6",
            "Children": []
          },
          {
            "Type": "ControlInfo",
            "Name": "Label3",
            "HasDynamicProperties": false,
            "Template": {
              "Id": "http://microsoft.com/appmagic/label",
              "Version": "2.5.1",
              "LastModifiedTimestamp": "0",
              "Name": "label",
              "FirstParty": true,
              "IsPremiumPcfControl": false,
              "IsCustomGroupControlTemplate": false,
              "CustomGroupControlTemplateName": "",
              "IsComponentDefinition": false,
              "OverridableProperties": {}
            },
            "Index": 0,
            "PublishOrderIndex": 147,
            "VariantName": "",
            "LayoutName": "",
            "MetaDataIDKey": "",
            "PersistMetaDataIDKey": false,
            "IsFromScreenLayout": false,
            "StyleName": "defaultLabelStyle",
            "Parent": "Container2",
            "IsDataControl": false,
            "AllowAccessToGlobals": true,
            "OptimizeForDevices": "Off",
            "IsGroupControl": false,
            "IsAutoGenerated": false,
            "Rules": [
              {
                "Property": "Live",
                "Category": "Data",
                "InvariantScript": "Live.Off",
                "RuleProviderType": "Unknown"
              },
              {
                "Property": "Text",
                "Category": "Data",
                "InvariantScript": "Switch(\r\n    varActiveScreen,\r\n    1,If(varIdioma=\"es\",\"Especialización UniMag - PharmaSys\",\"Speciallization UniMag - PharmaSys\"),\r\n    2,If(varIdioma=\"es\",\"Productos PharmaSys\",\"Products PharmaSys\"),\r\n    3,If(varIdioma=\"es\",\"Contabilidad PharmaSys\",\"Accounting PharmaSys\"),\r\n    4,If(varIdioma=\"es\",\"Facturación PharmaSys\",\"Billing PharmaSys\"),\r\n    5,If(varIdioma=\"es\",\"Módulo Usuarios PharmaSys\",\"Users Module PharmaSys\")\r\n)",
                "RuleProviderType": "User"
              },
              {
                "Property": "Role",
                "Category": "Data",
                "InvariantScript": "TextRole.Default",
                "RuleProviderType": "Unknown"
              },
              {
                "Property": "Overflow",
                "Category": "Design",
                "InvariantScript": "Overflow.Hidden",
                "RuleProviderType": "Unknown"
              },
              {
                "Property": "Color",
                "Category": "Design",
                "InvariantScript": "Colors.Primary",
                "RuleProviderType": "User"
              },
              {
                "Property": "DisabledColor",
                "Category": "Design",
                "InvariantScript": "RGBA(161, 159, 157, 1)",
                "RuleProviderType": "Unknown"
              },
              {
                "Property": "PressedColor",
                "Category": "Design",
                "InvariantScript": "Self.Color",
                "RuleProviderType": "Unknown"
              },
              {
                "Property": "HoverColor",
                "Category": "Design",
                "InvariantScript": "Self.Color",
                "RuleProviderType": "Unknown"
              },
              {
                "Property": "BorderColor",
                "Category": "Design",
                "InvariantScript": "RGBA(0, 0, 0, 0)",
                "RuleProviderType": "Unknown"
              },
              {
                "Property": "DisabledBorderColor",
                "Category": "Design",
                "InvariantScript": "RGBA(0, 0, 0, 0)",
                "RuleProviderType": "Unknown"
              },
              {
                "Property": "PressedBorderColor",
                "Category": "Design",
                "InvariantScript": "Self.BorderColor",
                "RuleProviderType": "Unknown"
              },
              {
                "Property": "HoverBorderColor",
                "Category": "Design",
                "InvariantScript": "Self.BorderColor",
                "RuleProviderType": "Unknown"
              },
              {
                "Property": "BorderStyle",
                "Category": "Design",
                "InvariantScript": "BorderStyle.None",
                "RuleProviderType": "Unknown"
              },
              {
                "Property": "FocusedBorderColor",
                "Category": "Design",
                "InvariantScript": "Self.BorderColor",
                "RuleProviderType": "Unknown"
              },
              {
                "Property": "Fill",
                "Category": "Design",
                "InvariantScript": "RGBA(0, 0, 0, 0)",
                "RuleProviderType": "Unknown"
              },
              {
                "Property": "DisabledFill",
                "Category": "Design",
                "InvariantScript": "RGBA(0, 0, 0, 0)",
                "RuleProviderType": "Unknown"
              },
              {
                "Property": "PressedFill",
                "Category": "Design",
                "InvariantScript": "Self.Fill",
                "RuleProviderType": "Unknown"
              },
              {
                "Property": "HoverFill",
                "Category": "Design",
                "InvariantScript": "Self.Fill",
                "RuleProviderType": "Unknown"
              },
              {
                "Property": "Font",
                "Category": "Design",
                "InvariantScript": "Font.'Segoe UI'",
                "RuleProviderType": "Unknown"
              },
              {
                "Property": "FontWeight",
                "Category": "Design",
                "InvariantScript": "FontWeight.Bold",
                "RuleProviderType": "Unknown"
              },
              {
                "Property": "Align",
                "Category": "Design",
                "InvariantScript": "Align.Left",
                "RuleProviderType": "Unknown"
              },
              {
                "Property": "VerticalAlign",
                "Category": "Design",
                "InvariantScript": "VerticalAlign.Middle",
                "RuleProviderType": "Unknown"
              },
              {
                "Property": "X",
                "Category": "Design",
                "InvariantScript": "If(varExtended=false,App.Width/14,App.Width/8)",
                "RuleProviderType": "User"
              },
              {
                "Property": "Y",
                "Category": "Design",
                "InvariantScript": "(\r\n    Parent.Height-Self.Height)/2",
                "RuleProviderType": "User"
              },
              {
                "Property": "Width",
                "Category": "Design",
                "InvariantScript": "App.Width/4",
                "RuleProviderType": "User"
              },
              {
                "Property": "Height",
                "Category": "Design",
                "InvariantScript": "40",
                "RuleProviderType": "Unknown"
              },
              {
                "Property": "DisplayMode",
                "Category": "Design",
                "InvariantScript": "DisplayMode.Edit",
                "RuleProviderType": "Unknown"
              },
              {
                "Property": "ZIndex",
                "Category": "Design",
                "InvariantScript": "3",
                "RuleProviderType": "Unknown"
              },
              {
                "Property": "LineHeight",
                "Category": "Design",
                "InvariantScript": "1.2",
                "RuleProviderType": "Unknown"
              },
              {
                "Property": "BorderThickness",
                "Category": "Design",
                "InvariantScript": "2",
                "RuleProviderType": "Unknown"
              },
              {
                "Property": "FocusedBorderThickness",
                "Category": "Design",
                "InvariantScript": "4",
                "RuleProviderType": "Unknown"
              },
              {
                "Property": "Size",
                "Category": "Design",
                "InvariantScript": "13",
                "RuleProviderType": "Unknown"
              },
              {
                "Property": "Italic",
                "Category": "Design",
                "InvariantScript": "false",
                "RuleProviderType": "Unknown"
              },
              {
                "Property": "Underline",
                "Category": "Design",
                "InvariantScript": "false",
                "RuleProviderType": "Unknown"
              },
              {
                "Property": "Strikethrough",
                "Category": "Design",
                "InvariantScript": "false",
                "RuleProviderType": "Unknown"
              },
              {
                "Property": "PaddingTop",
                "Category": "Design",
                "InvariantScript": "5",
                "RuleProviderType": "Unknown"
              },
              {
                "Property": "PaddingRight",
                "Category": "Design",
                "InvariantScript": "5",
                "RuleProviderType": "Unknown"
              },
              {
                "Property": "PaddingBottom",
                "Category": "Design",
                "InvariantScript": "5",
                "RuleProviderType": "Unknown"
              },
              {
                "Property": "PaddingLeft",
                "Category": "Design",
                "InvariantScript": "5",
                "RuleProviderType": "Unknown"
              }
            ],
            "ControlPropertyState": [
              "Live",
              "Overflow",
              {
                "InvariantPropertyName": "Text",
                "AutoRuleBindingEnabled": false,
                "AutoRuleBindingString": "\"Text\"",
                "NameMapSourceSchema": "?",
                "IsLockable": false,
                "AFDDataSourceName": ""
              },
              "Role",
              {
                "InvariantPropertyName": "Color",
                "AutoRuleBindingEnabled": false,
                "AutoRuleBindingString": "RGBA(50, 49, 48, 1)",
                "NameMapSourceSchema": "?",
                "IsLockable": false,
                "AFDDataSourceName": ""
              },
              "DisabledColor",
              "PressedColor",
              "HoverColor",
              "BorderColor",
              "DisabledBorderColor",
              "PressedBorderColor",
              "HoverBorderColor",
              "BorderStyle",
              "FocusedBorderColor",
              "Fill",
              "DisabledFill",
              "PressedFill",
              "HoverFill",
              "Font",
              {
                "InvariantPropertyName": "FontWeight",
                "AutoRuleBindingEnabled": false,
                "AutoRuleBindingString": "",
                "NameMapSourceSchema": "?",
                "IsLockable": false,
                "AFDDataSourceName": ""
              },
              "Align",
              "VerticalAlign",
              {
                "InvariantPropertyName": "X",
                "AutoRuleBindingEnabled": false,
                "AutoRuleBindingString": "40",
                "NameMapSourceSchema": "?",
                "IsLockable": false,
                "AFDDataSourceName": ""
              },
              {
                "InvariantPropertyName": "Y",
                "AutoRuleBindingEnabled": false,
                "AutoRuleBindingString": "40",
                "NameMapSourceSchema": "?",
                "IsLockable": false,
                "AFDDataSourceName": ""
              },
              {
                "InvariantPropertyName": "Width",
                "AutoRuleBindingEnabled": false,
                "AutoRuleBindingString": "150",
                "NameMapSourceSchema": "?",
                "IsLockable": false,
                "AFDDataSourceName": ""
              },
              "Height",
              "DisplayMode",
              "ZIndex",
              "LineHeight",
              "BorderThickness",
              "FocusedBorderThickness",
              "Size",
              "Italic",
              "Underline",
              "Strikethrough",
              "PaddingTop",
              "PaddingRight",
              "PaddingBottom",
              "PaddingLeft"
            ],
            "IsLocked": false,
            "ControlUniqueId": "7",
            "Children": []
          },
          {
            "Type": "ControlInfo",
            "Name": "Label1",
            "HasDynamicProperties": false,
            "Template": {
              "Id": "http://microsoft.com/appmagic/label",
              "Version": "2.5.1",
              "LastModifiedTimestamp": "0",
              "Name": "label",
              "FirstParty": true,
              "IsPremiumPcfControl": false,
              "IsCustomGroupControlTemplate": false,
              "CustomGroupControlTemplateName": "",
              "IsComponentDefinition": false,
              "OverridableProperties": {}
            },
            "Index": 0,
            "PublishOrderIndex": 148,
            "VariantName": "",
            "LayoutName": "",
            "MetaDataIDKey": "",
            "PersistMetaDataIDKey": false,
            "IsFromScreenLayout": false,
            "StyleName": "defaultLabelStyle",
            "Parent": "Container2",
            "IsDataControl": false,
            "AllowAccessToGlobals": true,
            "OptimizeForDevices": "Off",
            "IsGroupControl": false,
            "IsAutoGenerated": false,
            "Rules": [
              {
                "Property": "Live",
                "Category": "Data",
                "InvariantScript": "Live.Off",
                "RuleProviderType": "Unknown"
              },
              {
                "Property": "Text",
                "Category": "Data",
                "InvariantScript": "varUsuario",
                "RuleProviderType": "User"
              },
              {
                "Property": "Role",
                "Category": "Data",
                "InvariantScript": "TextRole.Default",
                "RuleProviderType": "Unknown"
              },
              {
                "Property": "Overflow",
                "Category": "Design",
                "InvariantScript": "Overflow.Hidden",
                "RuleProviderType": "Unknown"
              },
              {
                "Property": "Color",
                "Category": "Design",
                "InvariantScript": "Colors.Primary",
                "RuleProviderType": "User"
              },
              {
                "Property": "DisabledColor",
                "Category": "Design",
                "InvariantScript": "RGBA(161, 159, 157, 1)",
                "RuleProviderType": "Unknown"
              },
              {
                "Property": "PressedColor",
                "Category": "Design",
                "InvariantScript": "Self.Color",
                "RuleProviderType": "Unknown"
              },
              {
                "Property": "HoverColor",
                "Category": "Design",
                "InvariantScript": "Self.Color",
                "RuleProviderType": "Unknown"
              },
              {
                "Property": "BorderColor",
                "Category": "Design",
                "InvariantScript": "RGBA(0, 0, 0, 0)",
                "RuleProviderType": "Unknown"
              },
              {
                "Property": "DisabledBorderColor",
                "Category": "Design",
                "InvariantScript": "RGBA(0, 0, 0, 0)",
                "RuleProviderType": "Unknown"
              },
              {
                "Property": "PressedBorderColor",
                "Category": "Design",
                "InvariantScript": "Self.BorderColor",
                "RuleProviderType": "Unknown"
              },
              {
                "Property": "HoverBorderColor",
                "Category": "Design",
                "InvariantScript": "Self.BorderColor",
                "RuleProviderType": "Unknown"
              },
              {
                "Property": "BorderStyle",
                "Category": "Design",
                "InvariantScript": "BorderStyle.None",
                "RuleProviderType": "Unknown"
              },
              {
                "Property": "FocusedBorderColor",
                "Category": "Design",
                "InvariantScript": "Self.BorderColor",
                "RuleProviderType": "Unknown"
              },
              {
                "Property": "Fill",
                "Category": "Design",
                "InvariantScript": "RGBA(0, 0, 0, 0)",
                "RuleProviderType": "Unknown"
              },
              {
                "Property": "DisabledFill",
                "Category": "Design",
                "InvariantScript": "RGBA(0, 0, 0, 0)",
                "RuleProviderType": "Unknown"
              },
              {
                "Property": "PressedFill",
                "Category": "Design",
                "InvariantScript": "Self.Fill",
                "RuleProviderType": "Unknown"
              },
              {
                "Property": "HoverFill",
                "Category": "Design",
                "InvariantScript": "Self.Fill",
                "RuleProviderType": "Unknown"
              },
              {
                "Property": "Font",
                "Category": "Design",
                "InvariantScript": "Font.'Segoe UI'",
                "RuleProviderType": "Unknown"
              },
              {
                "Property": "FontWeight",
                "Category": "Design",
                "InvariantScript": "FontWeight.Bold",
                "RuleProviderType": "Unknown"
              },
              {
                "Property": "Align",
                "Category": "Design",
                "InvariantScript": "Align.Right",
                "RuleProviderType": "Unknown"
              },
              {
                "Property": "VerticalAlign",
                "Category": "Design",
                "InvariantScript": "VerticalAlign.Middle",
                "RuleProviderType": "Unknown"
              },
              {
                "Property": "X",
                "Category": "Design",
                "InvariantScript": "Button2.X-Self.Width-5",
                "RuleProviderType": "User"
              },
              {
                "Property": "Y",
                "Category": "Design",
                "InvariantScript": "(Parent.Height-Self.Height)/2",
                "RuleProviderType": "User"
              },
              {
                "Property": "Width",
                "Category": "Design",
                "InvariantScript": "App.Width/5.5",
                "RuleProviderType": "User"
              },
              {
                "Property": "Height",
                "Category": "Design",
                "InvariantScript": "40",
                "RuleProviderType": "Unknown"
              },
              {
                "Property": "DisplayMode",
                "Category": "Design",
                "InvariantScript": "DisplayMode.Edit",
                "RuleProviderType": "Unknown"
              },
              {
                "Property": "ZIndex",
                "Category": "Design",
                "InvariantScript": "2",
                "RuleProviderType": "Unknown"
              },
              {
                "Property": "LineHeight",
                "Category": "Design",
                "InvariantScript": "1.2",
                "RuleProviderType": "Unknown"
              },
              {
                "Property": "BorderThickness",
                "Category": "Design",
                "InvariantScript": "2",
                "RuleProviderType": "Unknown"
              },
              {
                "Property": "FocusedBorderThickness",
                "Category": "Design",
                "InvariantScript": "4",
                "RuleProviderType": "Unknown"
              },
              {
                "Property": "Size",
                "Category": "Design",
                "InvariantScript": "Size",
                "RuleProviderType": "User"
              },
              {
                "Property": "Italic",
                "Category": "Design",
                "InvariantScript": "false",
                "RuleProviderType": "Unknown"
              },
              {
                "Property": "Underline",
                "Category": "Design",
                "InvariantScript": "false",
                "RuleProviderType": "Unknown"
              },
              {
                "Property": "Strikethrough",
                "Category": "Design",
                "InvariantScript": "false",
                "RuleProviderType": "Unknown"
              },
              {
                "Property": "PaddingTop",
                "Category": "Design",
                "InvariantScript": "5",
                "RuleProviderType": "Unknown"
              },
              {
                "Property": "PaddingRight",
                "Category": "Design",
                "InvariantScript": "10",
                "RuleProviderType": "Unknown"
              },
              {
                "Property": "PaddingBottom",
                "Category": "Design",
                "InvariantScript": "5",
                "RuleProviderType": "Unknown"
              },
              {
                "Property": "PaddingLeft",
                "Category": "Design",
                "InvariantScript": "5",
                "RuleProviderType": "Unknown"
              }
            ],
            "ControlPropertyState": [
              "Live",
              "Overflow",
              {
                "InvariantPropertyName": "Text",
                "AutoRuleBindingEnabled": false,
                "AutoRuleBindingString": "\"Text\"",
                "NameMapSourceSchema": "?",
                "IsLockable": false,
                "AFDDataSourceName": ""
              },
              "Role",
              {
                "InvariantPropertyName": "Color",
                "AutoRuleBindingEnabled": false,
                "AutoRuleBindingString": "",
                "NameMapSourceSchema": "?",
                "IsLockable": false,
                "AFDDataSourceName": ""
              },
              "DisabledColor",
              "PressedColor",
              "HoverColor",
              "BorderColor",
              "DisabledBorderColor",
              "PressedBorderColor",
              "HoverBorderColor",
              "BorderStyle",
              "FocusedBorderColor",
              "Fill",
              "DisabledFill",
              "PressedFill",
              "HoverFill",
              "Font",
              {
                "InvariantPropertyName": "FontWeight",
                "AutoRuleBindingEnabled": false,
                "AutoRuleBindingString": "",
                "NameMapSourceSchema": "?",
                "IsLockable": false,
                "AFDDataSourceName": ""
              },
              {
                "InvariantPropertyName": "Align",
                "AutoRuleBindingEnabled": false,
                "AutoRuleBindingString": "",
                "NameMapSourceSchema": "?",
                "IsLockable": false,
                "AFDDataSourceName": ""
              },
              "VerticalAlign",
              {
                "InvariantPropertyName": "X",
                "AutoRuleBindingEnabled": false,
                "AutoRuleBindingString": "40",
                "NameMapSourceSchema": "?",
                "IsLockable": false,
                "AFDDataSourceName": ""
              },
              {
                "InvariantPropertyName": "Y",
                "AutoRuleBindingEnabled": false,
                "AutoRuleBindingString": "40",
                "NameMapSourceSchema": "?",
                "IsLockable": false,
                "AFDDataSourceName": ""
              },
              {
                "InvariantPropertyName": "Width",
                "AutoRuleBindingEnabled": false,
                "AutoRuleBindingString": "150",
                "NameMapSourceSchema": "?",
                "IsLockable": false,
                "AFDDataSourceName": ""
              },
              "Height",
              "DisplayMode",
              "ZIndex",
              "LineHeight",
              "BorderThickness",
              "FocusedBorderThickness",
              {
                "InvariantPropertyName": "Size",
                "AutoRuleBindingEnabled": false,
                "AutoRuleBindingString": "13",
                "NameMapSourceSchema": "?",
                "IsLockable": false,
                "AFDDataSourceName": ""
              },
              "Italic",
              "Underline",
              "Strikethrough",
              "PaddingTop",
              {
                "InvariantPropertyName": "PaddingRight",
                "AutoRuleBindingEnabled": false,
                "AutoRuleBindingString": "",
                "NameMapSourceSchema": "?",
                "IsLockable": false,
                "AFDDataSourceName": ""
              },
              "PaddingBottom",
              "PaddingLeft"
            ],
            "IsLocked": false,
            "ControlUniqueId": "8",
            "Children": []
          },
          {
            "Type": "ControlInfo",
            "Name": "Button2",
            "HasDynamicProperties": false,
            "Template": {
              "Id": "http://microsoft.com/appmagic/button",
              "Version": "2.2.0",
              "LastModifiedTimestamp": "0",
              "Name": "button",
              "FirstParty": true,
              "IsPremiumPcfControl": false,
              "IsCustomGroupControlTemplate": false,
              "CustomGroupControlTemplateName": "",
              "IsComponentDefinition": false,
              "OverridableProperties": {}
            },
            "Index": 0,
            "PublishOrderIndex": 149,
            "VariantName": "",
            "LayoutName": "",
            "MetaDataIDKey": "",
            "PersistMetaDataIDKey": false,
            "IsFromScreenLayout": false,
            "StyleName": "defaultButtonStyle",
            "Parent": "Container2",
            "IsDataControl": false,
            "AllowAccessToGlobals": true,
            "OptimizeForDevices": "Off",
            "IsGroupControl": false,
            "IsAutoGenerated": false,
            "Rules": [
              {
                "Property": "Text",
                "Category": "Data",
                "InvariantScript": "If(varIdioma=\"en\",\"es\",\"en\")",
                "RuleProviderType": "User"
              },
              {
                "Property": "BorderColor",
                "Category": "Design",
                "InvariantScript": "RGBA(0, 0, 0, 0)",
                "RuleProviderType": "Unknown"
              },
              {
                "Property": "DisabledBorderColor",
                "Category": "Design",
                "InvariantScript": "RGBA(0, 0, 0, 0)",
                "RuleProviderType": "Unknown"
              },
              {
                "Property": "PressedBorderColor",
                "Category": "Design",
                "InvariantScript": "RGBA(0, 69, 120, 1)",
                "RuleProviderType": "Unknown"
              },
              {
                "Property": "HoverBorderColor",
                "Category": "Design",
                "InvariantScript": "RGBA(0, 0, 0, 0)",
                "RuleProviderType": "Unknown"
              },
              {
                "Property": "BorderStyle",
                "Category": "Design",
                "InvariantScript": "BorderStyle.None",
                "RuleProviderType": "Unknown"
              },
              {
                "Property": "FocusedBorderColor",
                "Category": "Design",
                "InvariantScript": "Self.BorderColor",
                "RuleProviderType": "Unknown"
              },
              {
                "Property": "Color",
                "Category": "Design",
                "InvariantScript": "RGBA(53, 61, 63, 1)",
                "RuleProviderType": "Unknown"
              },
              {
                "Property": "DisabledColor",
                "Category": "Design",
                "InvariantScript": "RGBA(161, 159, 157, 1)",
                "RuleProviderType": "Unknown"
              },
              {
                "Property": "PressedColor",
                "Category": "Design",
                "InvariantScript": "RGBA(255, 255, 255, 1)",
                "RuleProviderType": "Unknown"
              },
              {
                "Property": "HoverColor",
                "Category": "Design",
                "InvariantScript": "RGBA(53, 61, 63, 1)",
                "RuleProviderType": "Unknown"
              },
              {
                "Property": "DisplayMode",
                "Category": "Design",
                "InvariantScript": "DisplayMode.Edit",
                "RuleProviderType": "Unknown"
              },
              {
                "Property": "Fill",
                "Category": "Design",
                "InvariantScript": "Colors.Primary",
                "RuleProviderType": "User"
              },
              {
                "Property": "DisabledFill",
                "Category": "Design",
                "InvariantScript": "RGBA(242, 242, 241, 0)",
                "RuleProviderType": "Unknown"
              },
              {
                "Property": "PressedFill",
                "Category": "Design",
                "InvariantScript": "RGBA(53, 61, 63, 1)",
                "RuleProviderType": "Unknown"
              },
              {
                "Property": "HoverFill",
                "Category": "Design",
                "InvariantScript": "RGBA(255, 255, 255, 1)",
                "RuleProviderType": "Unknown"
              },
              {
                "Property": "Font",
                "Category": "Design",
                "InvariantScript": "Font.'Segoe UI'",
                "RuleProviderType": "Unknown"
              },
              {
                "Property": "FontWeight",
                "Category": "Design",
                "InvariantScript": "FontWeight.Semibold",
                "RuleProviderType": "Unknown"
              },
              {
                "Property": "Align",
                "Category": "Design",
                "InvariantScript": "Align.Center",
                "RuleProviderType": "Unknown"
              },
              {
                "Property": "VerticalAlign",
                "Category": "Design",
                "InvariantScript": "VerticalAlign.Middle",
                "RuleProviderType": "Unknown"
              },
              {
                "Property": "X",
                "Category": "Design",
                "InvariantScript": "Image1.X-Self.Width-10",
                "RuleProviderType": "User"
              },
              {
                "Property": "Y",
                "Category": "Design",
                "InvariantScript": "(Parent.Height-Self.Height)/2",
                "RuleProviderType": "User"
              },
              {
                "Property": "Width",
                "Category": "Design",
                "InvariantScript": "App.Width/39",
                "RuleProviderType": "User"
              },
              {
                "Property": "Height",
                "Category": "Design",
                "InvariantScript": "40",
                "RuleProviderType": "Unknown"
              },
              {
                "Property": "ZIndex",
                "Category": "Design",
                "InvariantScript": "4",
                "RuleProviderType": "Unknown"
              },
              {
                "Property": "RadiusTopLeft",
                "Category": "Design",
                "InvariantScript": "10",
                "RuleProviderType": "Unknown"
              },
              {
                "Property": "RadiusTopRight",
                "Category": "Design",
                "InvariantScript": "10",
                "RuleProviderType": "Unknown"
              },
              {
                "Property": "RadiusBottomLeft",
                "Category": "Design",
                "InvariantScript": "10",
                "RuleProviderType": "Unknown"
              },
              {
                "Property": "RadiusBottomRight",
                "Category": "Design",
                "InvariantScript": "10",
                "RuleProviderType": "Unknown"
              },
              {
                "Property": "BorderThickness",
                "Category": "Design",
                "InvariantScript": "2",
                "RuleProviderType": "Unknown"
              },
              {
                "Property": "FocusedBorderThickness",
                "Category": "Design",
                "InvariantScript": "4",
                "RuleProviderType": "Unknown"
              },
              {
                "Property": "Size",
                "Category": "Design",
                "InvariantScript": "Size+2",
                "RuleProviderType": "User"
              },
              {
                "Property": "Italic",
                "Category": "Design",
                "InvariantScript": "false",
                "RuleProviderType": "Unknown"
              },
              {
                "Property": "Underline",
                "Category": "Design",
                "InvariantScript": "false",
                "RuleProviderType": "Unknown"
              },
              {
                "Property": "Strikethrough",
                "Category": "Design",
                "InvariantScript": "false",
                "RuleProviderType": "Unknown"
              },
              {
                "Property": "OnSelect",
                "Category": "Behavior",
                "InvariantScript": "If(varIdioma=\"es\",Set(varIdioma,\"en\"),Set(varIdioma,\"es\"))",
                "RuleProviderType": "User"
              }
            ],
            "ControlPropertyState": [
              {
                "InvariantPropertyName": "Text",
                "AutoRuleBindingEnabled": false,
                "AutoRuleBindingString": "\"Button\"",
                "NameMapSourceSchema": "?",
                "IsLockable": false,
                "AFDDataSourceName": ""
              },
              "BorderColor",
              "DisabledBorderColor",
              "PressedBorderColor",
              "HoverBorderColor",
              "BorderStyle",
              "FocusedBorderColor",
              {
                "InvariantPropertyName": "Color",
                "AutoRuleBindingEnabled": false,
                "AutoRuleBindingString": "",
                "NameMapSourceSchema": "?",
                "IsLockable": false,
                "AFDDataSourceName": ""
              },
              "DisabledColor",
              "PressedColor",
              {
                "InvariantPropertyName": "HoverColor",
                "AutoRuleBindingEnabled": false,
                "AutoRuleBindingString": "",
                "NameMapSourceSchema": "?",
                "IsLockable": false,
                "AFDDataSourceName": ""
              },
              "DisplayMode",
              {
                "InvariantPropertyName": "Fill",
                "AutoRuleBindingEnabled": false,
                "AutoRuleBindingString": "RGBA(0, 120, 212, 1)",
                "NameMapSourceSchema": "?",
                "IsLockable": false,
                "AFDDataSourceName": ""
              },
              "DisabledFill",
              {
                "InvariantPropertyName": "PressedFill",
                "AutoRuleBindingEnabled": false,
                "AutoRuleBindingString": "",
                "NameMapSourceSchema": "?",
                "IsLockable": false,
                "AFDDataSourceName": ""
              },
              {
                "InvariantPropertyName": "HoverFill",
                "AutoRuleBindingEnabled": false,
                "AutoRuleBindingString": "",
                "NameMapSourceSchema": "?",
                "IsLockable": false,
                "AFDDataSourceName": ""
              },
              "Font",
              "FontWeight",
              "Align",
              "VerticalAlign",
              {
                "InvariantPropertyName": "X",
                "AutoRuleBindingEnabled": false,
                "AutoRuleBindingString": "40",
                "NameMapSourceSchema": "?",
                "IsLockable": false,
                "AFDDataSourceName": ""
              },
              {
                "InvariantPropertyName": "Y",
                "AutoRuleBindingEnabled": false,
                "AutoRuleBindingString": "40",
                "NameMapSourceSchema": "?",
                "IsLockable": false,
                "AFDDataSourceName": ""
              },
              {
                "InvariantPropertyName": "Width",
                "AutoRuleBindingEnabled": false,
                "AutoRuleBindingString": "160",
                "NameMapSourceSchema": "?",
                "IsLockable": false,
                "AFDDataSourceName": ""
              },
              "Height",
              "ZIndex",
              {
                "InvariantPropertyName": "RadiusTopLeft",
                "AutoRuleBindingEnabled": false,
                "AutoRuleBindingString": "",
                "NameMapSourceSchema": "?",
                "IsLockable": false,
                "AFDDataSourceName": ""
              },
              {
                "InvariantPropertyName": "RadiusTopRight",
                "AutoRuleBindingEnabled": false,
                "AutoRuleBindingString": "",
                "NameMapSourceSchema": "?",
                "IsLockable": false,
                "AFDDataSourceName": ""
              },
              {
                "InvariantPropertyName": "RadiusBottomLeft",
                "AutoRuleBindingEnabled": false,
                "AutoRuleBindingString": "",
                "NameMapSourceSchema": "?",
                "IsLockable": false,
                "AFDDataSourceName": ""
              },
              {
                "InvariantPropertyName": "RadiusBottomRight",
                "AutoRuleBindingEnabled": false,
                "AutoRuleBindingString": "",
                "NameMapSourceSchema": "?",
                "IsLockable": false,
                "AFDDataSourceName": ""
              },
              "BorderThickness",
              "FocusedBorderThickness",
              {
                "InvariantPropertyName": "Size",
                "AutoRuleBindingEnabled": false,
                "AutoRuleBindingString": "15",
                "NameMapSourceSchema": "?",
                "IsLockable": false,
                "AFDDataSourceName": ""
              },
              "Italic",
              "Underline",
              "Strikethrough",
              {
                "InvariantPropertyName": "OnSelect",
                "AutoRuleBindingEnabled": false,
                "AutoRuleBindingString": "false",
                "NameMapSourceSchema": "?",
                "IsLockable": false,
                "AFDDataSourceName": ""
              }
            ],
            "IsLocked": false,
            "ControlUniqueId": "9",
            "Children": []
          }
        ]
      }
    ]
  }
}