{
  "TopParent": {
    "Type": "ControlInfo",
    "Name": "Strategy",
    "Template": {
      "Id": "http://microsoft.com/appmagic/screen",
      "Version": "1.0",
      "LastModifiedTimestamp": "0",
      "Name": "screen",
      "FirstParty": true,
      "IsPremiumPcfControl": false,
      "IsCustomGroupControlTemplate": false,
      "CustomGroupControlTemplateName": "",
      "IsComponentDefinition": false,
      "OverridableProperties": {}
    },
    "Index": 8,
    "PublishOrderIndex": 0,
    "VariantName": "",
    "LayoutName": "",
    "MetaDataIDKey": "",
    "PersistMetaDataIDKey": false,
    "IsFromScreenLayout": false,
    "StyleName": "defaultScreenStyle",
    "Parent": "",
    "IsDataControl": false,
    "AllowAccessToGlobals": true,
    "OptimizeForDevices": "Off",
    "IsGroupControl": false,
    "IsAutoGenerated": false,
    "Rules": [
      {
        "Property": "Fill",
        "Category": "Design",
        "InvariantScript": "RGBA(255, 255, 255, 1)",
        "RuleProviderType": "Unknown"
      },
      {
        "Property": "ImagePosition",
        "Category": "Design",
        "InvariantScript": "ImagePosition.Fit",
        "RuleProviderType": "Unknown"
      },
      {
        "Property": "Height",
        "Category": "Design",
        "InvariantScript": "Max(App.Height, App.MinScreenHeight)",
        "RuleProviderType": "Unknown"
      },
      {
        "Property": "Width",
        "Category": "Design",
        "InvariantScript": "Max(App.Width, App.MinScreenWidth)",
        "RuleProviderType": "Unknown"
      },
      {
        "Property": "Size",
        "Category": "Design",
        "InvariantScript": "1 + CountRows(App.SizeBreakpoints) - CountIf(App.SizeBreakpoints, Value >= Self.Width)",
        "RuleProviderType": "Unknown"
      },
      {
        "Property": "Orientation",
        "Category": "Design",
        "InvariantScript": "If(Self.Width < Self.Height, Layout.Vertical, Layout.Horizontal)",
        "RuleProviderType": "Unknown"
      },
      {
        "Property": "LoadingSpinner",
        "Category": "Design",
        "InvariantScript": "LoadingSpinner.None",
        "RuleProviderType": "Unknown"
      },
      {
        "Property": "LoadingSpinnerColor",
        "Category": "Design",
        "InvariantScript": "RGBA(0, 120, 212, 1)",
        "RuleProviderType": "Unknown"
      }
    ],
    "ControlPropertyState": [
      "Fill",
      "ImagePosition",
      "Height",
      "Width",
      "Size",
      "Orientation",
      "LoadingSpinner",
      "LoadingSpinnerColor"
    ],
    "IsLocked": false,
    "ControlUniqueId": "79",
    "Children": [
      {
        "Type": "ControlInfo",
        "Name": "cmpUsuario_1",
        "HasDynamicProperties": false,
        "Template": {
          "Id": "http://microsoft.com/appmagic/Component",
          "Version": "1.0",
          "LastModifiedTimestamp": "638951843249887041",
          "Name": "c66e9a03d3c24fcf82bc7e89213f3c89",
          "FirstParty": true,
          "IsPremiumPcfControl": false,
          "IsCustomGroupControlTemplate": false,
          "CustomGroupControlTemplateName": "",
          "IsComponentDefinition": false,
          "CustomProperties": [
            {
              "Name": "Usuario",
              "Category": 0,
              "Type": "{\"Version\":\"1.346\",\"Type\":{\"Name\":\"Root\",\"Kind\":\"String\",\"EnumString\":\"\",\"Type\":[]}}",
              "PropertyDataTypeKey": "String",
              "Hidden": true,
              "DisplayName": "Usuario",
              "Tooltip": "A custom property"
            }
          ],
          "ComponentType": "CanvasComponent",
          "ComponentDefinitionInfo": {
            "Name": "cmpUsuario",
            "LastModifiedTimestamp": "638951843249887041",
            "AllowAccessToGlobals": true,
            "Rules": [
              {
                "Property": "Usuario",
                "Category": "Data",
                "InvariantScript": "\"Usuario\" = varUsuario\r\n\r\n/* Singleton\r\n# Patrón Creacional: Singleton\r\n\r\n## Introducción\r\nEl patrón Singleton garantiza que una clase tenga una única instancia y proporciona un punto de acceso global a ella. Es útil cuando se necesita un único objeto para coordinar acciones en todo el sistema (por ejemplo, una conexión a base de datos o un registro de logs).\r\n\r\n\r\n**¿Dónde se usa en proyectos reales?**\r\nEn sistemas de configuración global, gestión de conexiones a base de datos, registro de logs, controladores de hardware, etc.\r\n*/\r\n\r\n// Existen variables de contexto, globales y colecciones",
                "RuleProviderType": "System"
              },
              {
                "Property": "Fill",
                "Category": "Design",
                "InvariantScript": "RGBA(0, 0, 0, 0)",
                "RuleProviderType": "System"
              },
              {
                "Property": "Height",
                "Category": "Design",
                "InvariantScript": "0",
                "RuleProviderType": "System"
              },
              {
                "Property": "Width",
                "Category": "Design",
                "InvariantScript": "0",
                "RuleProviderType": "System"
              },
              {
                "Property": "X",
                "Category": "Design",
                "InvariantScript": "0",
                "RuleProviderType": "System"
              },
              {
                "Property": "Y",
                "Category": "Design",
                "InvariantScript": "0",
                "RuleProviderType": "System"
              },
              {
                "Property": "ZIndex",
                "Category": "Design",
                "InvariantScript": "1",
                "RuleProviderType": "System"
              },
              {
                "Property": "OnReset",
                "Category": "Behavior",
                "InvariantScript": "Set(varUsuario, User().FullName)",
                "RuleProviderType": "System"
              }
            ],
            "ControlPropertyState": [
              "Fill",
              {
                "InvariantPropertyName": "Height",
                "AutoRuleBindingEnabled": false,
                "AutoRuleBindingString": "",
                "NameMapSourceSchema": "?",
                "IsLockable": false,
                "AFDDataSourceName": ""
              },
              {
                "InvariantPropertyName": "Width",
                "AutoRuleBindingEnabled": false,
                "AutoRuleBindingString": "",
                "NameMapSourceSchema": "?",
                "IsLockable": false,
                "AFDDataSourceName": ""
              },
              "X",
              "Y",
              "ZIndex",
              {
                "InvariantPropertyName": "Usuario",
                "AutoRuleBindingEnabled": false,
                "AutoRuleBindingString": "\"Text\"",
                "NameMapSourceSchema": "?",
                "IsLockable": false,
                "AFDDataSourceName": ""
              },
              {
                "InvariantPropertyName": "OnReset",
                "AutoRuleBindingEnabled": false,
                "AutoRuleBindingString": "",
                "NameMapSourceSchema": "?",
                "IsLockable": false,
                "AFDDataSourceName": ""
              }
            ],
            "Children": []
          },
          "OverridableProperties": {}
        },
        "Index": 6,
        "PublishOrderIndex": 142,
        "VariantName": "",
        "LayoutName": "",
        "MetaDataIDKey": "",
        "PersistMetaDataIDKey": false,
        "IsFromScreenLayout": false,
        "StyleName": "",
        "Parent": "Strategy",
        "IsDataControl": false,
        "AllowAccessToGlobals": true,
        "OptimizeForDevices": "Off",
        "IsGroupControl": false,
        "IsAutoGenerated": false,
        "Rules": [
          {
            "Property": "Usuario",
            "Category": "Data",
            "InvariantScript": "\"Usuario\" = varUsuario\r\n\r\n/* Singleton\r\n# Patrón Creacional: Singleton\r\n\r\n## Introducción\r\nEl patrón Singleton garantiza que una clase tenga una única instancia y proporciona un punto de acceso global a ella. Es útil cuando se necesita un único objeto para coordinar acciones en todo el sistema (por ejemplo, una conexión a base de datos o un registro de logs).\r\n\r\n\r\n**¿Dónde se usa en proyectos reales?**\r\nEn sistemas de configuración global, gestión de conexiones a base de datos, registro de logs, controladores de hardware, etc.\r\n*/\r\n\r\n// Existen variables de contexto, globales y colecciones",
            "RuleProviderType": "System"
          },
          {
            "Property": "Fill",
            "Category": "Design",
            "InvariantScript": "RGBA(0, 0, 0, 0)",
            "RuleProviderType": "System"
          },
          {
            "Property": "Height",
            "Category": "Design",
            "InvariantScript": "0",
            "RuleProviderType": "System"
          },
          {
            "Property": "Width",
            "Category": "Design",
            "InvariantScript": "0",
            "RuleProviderType": "System"
          },
          {
            "Property": "X",
            "Category": "Design",
            "InvariantScript": "0",
            "RuleProviderType": "System"
          },
          {
            "Property": "Y",
            "Category": "Design",
            "InvariantScript": "0",
            "RuleProviderType": "System"
          },
          {
            "Property": "ZIndex",
            "Category": "Design",
            "InvariantScript": "2",
            "RuleProviderType": "Unknown"
          },
          {
            "Property": "OnReset",
            "Category": "Behavior",
            "InvariantScript": "Set(varUsuario, User().FullName)",
            "RuleProviderType": "System"
          }
        ],
        "ControlPropertyState": [
          "Fill",
          {
            "InvariantPropertyName": "Height",
            "AutoRuleBindingEnabled": false,
            "AutoRuleBindingString": "",
            "NameMapSourceSchema": "?",
            "IsLockable": false,
            "AFDDataSourceName": ""
          },
          {
            "InvariantPropertyName": "Width",
            "AutoRuleBindingEnabled": false,
            "AutoRuleBindingString": "",
            "NameMapSourceSchema": "?",
            "IsLockable": false,
            "AFDDataSourceName": ""
          },
          "X",
          "Y",
          "ZIndex",
          {
            "InvariantPropertyName": "Usuario",
            "AutoRuleBindingEnabled": false,
            "AutoRuleBindingString": "\"Text\"",
            "NameMapSourceSchema": "?",
            "IsLockable": false,
            "AFDDataSourceName": ""
          },
          {
            "InvariantPropertyName": "OnReset",
            "AutoRuleBindingEnabled": false,
            "AutoRuleBindingString": "",
            "NameMapSourceSchema": "?",
            "IsLockable": false,
            "AFDDataSourceName": ""
          }
        ],
        "IsLocked": false,
        "ControlUniqueId": "80",
        "Metadata": {
          "Description": "",
          "AllowCustomization": true,
          "AllowAccessToGlobals": true
        },
        "Children": []
      },
      {
        "Type": "ControlInfo",
        "Name": "Label8",
        "HasDynamicProperties": false,
        "Template": {
          "Id": "http://microsoft.com/appmagic/label",
          "Version": "2.5.1",
          "LastModifiedTimestamp": "0",
          "Name": "label",
          "FirstParty": true,
          "IsPremiumPcfControl": false,
          "IsCustomGroupControlTemplate": false,
          "CustomGroupControlTemplateName": "",
          "IsComponentDefinition": false,
          "OverridableProperties": {}
        },
        "Index": 0,
        "PublishOrderIndex": 143,
        "VariantName": "",
        "LayoutName": "",
        "MetaDataIDKey": "",
        "PersistMetaDataIDKey": false,
        "IsFromScreenLayout": false,
        "StyleName": "defaultLabelStyle",
        "Parent": "Strategy",
        "IsDataControl": false,
        "AllowAccessToGlobals": true,
        "OptimizeForDevices": "Off",
        "IsGroupControl": false,
        "IsAutoGenerated": false,
        "Rules": [
          {
            "Property": "Live",
            "Category": "Data",
            "InvariantScript": "Live.Off",
            "RuleProviderType": "Unknown"
          },
          {
            "Property": "Text",
            "Category": "Data",
            "InvariantScript": "cmpUsuario_1.Usuario",
            "RuleProviderType": "User"
          },
          {
            "Property": "Role",
            "Category": "Data",
            "InvariantScript": "TextRole.Default",
            "RuleProviderType": "Unknown"
          },
          {
            "Property": "Overflow",
            "Category": "Design",
            "InvariantScript": "Overflow.Hidden",
            "RuleProviderType": "Unknown"
          },
          {
            "Property": "Color",
            "Category": "Design",
            "InvariantScript": "RGBA(50, 49, 48, 1)",
            "RuleProviderType": "Unknown"
          },
          {
            "Property": "DisabledColor",
            "Category": "Design",
            "InvariantScript": "RGBA(161, 159, 157, 1)",
            "RuleProviderType": "Unknown"
          },
          {
            "Property": "PressedColor",
            "Category": "Design",
            "InvariantScript": "Self.Color",
            "RuleProviderType": "Unknown"
          },
          {
            "Property": "HoverColor",
            "Category": "Design",
            "InvariantScript": "Self.Color",
            "RuleProviderType": "Unknown"
          },
          {
            "Property": "BorderColor",
            "Category": "Design",
            "InvariantScript": "RGBA(0, 0, 0, 0)",
            "RuleProviderType": "Unknown"
          },
          {
            "Property": "DisabledBorderColor",
            "Category": "Design",
            "InvariantScript": "RGBA(0, 0, 0, 0)",
            "RuleProviderType": "Unknown"
          },
          {
            "Property": "PressedBorderColor",
            "Category": "Design",
            "InvariantScript": "Self.BorderColor",
            "RuleProviderType": "Unknown"
          },
          {
            "Property": "HoverBorderColor",
            "Category": "Design",
            "InvariantScript": "Self.BorderColor",
            "RuleProviderType": "Unknown"
          },
          {
            "Property": "BorderStyle",
            "Category": "Design",
            "InvariantScript": "BorderStyle.None",
            "RuleProviderType": "Unknown"
          },
          {
            "Property": "FocusedBorderColor",
            "Category": "Design",
            "InvariantScript": "Self.BorderColor",
            "RuleProviderType": "Unknown"
          },
          {
            "Property": "Fill",
            "Category": "Design",
            "InvariantScript": "RGBA(0, 0, 0, 0)",
            "RuleProviderType": "Unknown"
          },
          {
            "Property": "DisabledFill",
            "Category": "Design",
            "InvariantScript": "RGBA(0, 0, 0, 0)",
            "RuleProviderType": "Unknown"
          },
          {
            "Property": "PressedFill",
            "Category": "Design",
            "InvariantScript": "Self.Fill",
            "RuleProviderType": "Unknown"
          },
          {
            "Property": "HoverFill",
            "Category": "Design",
            "InvariantScript": "Self.Fill",
            "RuleProviderType": "Unknown"
          },
          {
            "Property": "Font",
            "Category": "Design",
            "InvariantScript": "Font.'Segoe UI'",
            "RuleProviderType": "Unknown"
          },
          {
            "Property": "FontWeight",
            "Category": "Design",
            "InvariantScript": "FontWeight.Normal",
            "RuleProviderType": "Unknown"
          },
          {
            "Property": "Align",
            "Category": "Design",
            "InvariantScript": "Align.Left",
            "RuleProviderType": "Unknown"
          },
          {
            "Property": "VerticalAlign",
            "Category": "Design",
            "InvariantScript": "VerticalAlign.Middle",
            "RuleProviderType": "Unknown"
          },
          {
            "Property": "X",
            "Category": "Design",
            "InvariantScript": "40",
            "RuleProviderType": "Unknown"
          },
          {
            "Property": "Y",
            "Category": "Design",
            "InvariantScript": "40",
            "RuleProviderType": "Unknown"
          },
          {
            "Property": "Width",
            "Category": "Design",
            "InvariantScript": "431",
            "RuleProviderType": "Unknown"
          },
          {
            "Property": "Height",
            "Category": "Design",
            "InvariantScript": "41",
            "RuleProviderType": "Unknown"
          },
          {
            "Property": "DisplayMode",
            "Category": "Design",
            "InvariantScript": "DisplayMode.Edit",
            "RuleProviderType": "Unknown"
          },
          {
            "Property": "ZIndex",
            "Category": "Design",
            "InvariantScript": "1",
            "RuleProviderType": "System"
          },
          {
            "Property": "LineHeight",
            "Category": "Design",
            "InvariantScript": "1.2",
            "RuleProviderType": "Unknown"
          },
          {
            "Property": "BorderThickness",
            "Category": "Design",
            "InvariantScript": "2",
            "RuleProviderType": "Unknown"
          },
          {
            "Property": "FocusedBorderThickness",
            "Category": "Design",
            "InvariantScript": "4",
            "RuleProviderType": "Unknown"
          },
          {
            "Property": "Size",
            "Category": "Design",
            "InvariantScript": "13",
            "RuleProviderType": "Unknown"
          },
          {
            "Property": "Italic",
            "Category": "Design",
            "InvariantScript": "false",
            "RuleProviderType": "Unknown"
          },
          {
            "Property": "Underline",
            "Category": "Design",
            "InvariantScript": "false",
            "RuleProviderType": "Unknown"
          },
          {
            "Property": "Strikethrough",
            "Category": "Design",
            "InvariantScript": "false",
            "RuleProviderType": "Unknown"
          },
          {
            "Property": "PaddingTop",
            "Category": "Design",
            "InvariantScript": "5",
            "RuleProviderType": "Unknown"
          },
          {
            "Property": "PaddingRight",
            "Category": "Design",
            "InvariantScript": "5",
            "RuleProviderType": "Unknown"
          },
          {
            "Property": "PaddingBottom",
            "Category": "Design",
            "InvariantScript": "5",
            "RuleProviderType": "Unknown"
          },
          {
            "Property": "PaddingLeft",
            "Category": "Design",
            "InvariantScript": "5",
            "RuleProviderType": "Unknown"
          }
        ],
        "ControlPropertyState": [
          "Live",
          "Overflow",
          {
            "InvariantPropertyName": "Text",
            "AutoRuleBindingEnabled": false,
            "AutoRuleBindingString": "\"Text\"",
            "NameMapSourceSchema": "?",
            "IsLockable": false,
            "AFDDataSourceName": ""
          },
          "Role",
          "Color",
          "DisabledColor",
          "PressedColor",
          "HoverColor",
          "BorderColor",
          "DisabledBorderColor",
          "PressedBorderColor",
          "HoverBorderColor",
          "BorderStyle",
          "FocusedBorderColor",
          "Fill",
          "DisabledFill",
          "PressedFill",
          "HoverFill",
          "Font",
          "FontWeight",
          "Align",
          "VerticalAlign",
          "X",
          "Y",
          "Width",
          "Height",
          "DisplayMode",
          "ZIndex",
          "LineHeight",
          "BorderThickness",
          "FocusedBorderThickness",
          "Size",
          "Italic",
          "Underline",
          "Strikethrough",
          "PaddingTop",
          "PaddingRight",
          "PaddingBottom",
          "PaddingLeft"
        ],
        "IsLocked": false,
        "ControlUniqueId": "81",
        "Children": []
      },
      {
        "Type": "ControlInfo",
        "Name": "Container13",
        "HasDynamicProperties": false,
        "Template": {
          "Id": "http://microsoft.com/appmagic/groupContainer",
          "Version": "1.3.0",
          "LastModifiedTimestamp": "0",
          "Name": "groupContainer",
          "FirstParty": true,
          "IsPremiumPcfControl": false,
          "IsCustomGroupControlTemplate": false,
          "CustomGroupControlTemplateName": "",
          "IsComponentDefinition": false,
          "OverridableProperties": {}
        },
        "Index": 0,
        "PublishOrderIndex": 144,
        "VariantName": "manualLayoutContainer",
        "LayoutName": "",
        "MetaDataIDKey": "",
        "PersistMetaDataIDKey": false,
        "IsFromScreenLayout": false,
        "StyleName": "defaultGroupContainerStyle",
        "Parent": "Strategy",
        "IsDataControl": false,
        "AllowAccessToGlobals": true,
        "OptimizeForDevices": "Off",
        "IsGroupControl": false,
        "IsAutoGenerated": false,
        "Rules": [
          {
            "Property": "BorderColor",
            "Category": "Design",
            "InvariantScript": "RGBA(0, 0, 0, 1)",
            "RuleProviderType": "Unknown"
          },
          {
            "Property": "BorderStyle",
            "Category": "Design",
            "InvariantScript": "BorderStyle.Solid",
            "RuleProviderType": "Unknown"
          },
          {
            "Property": "Fill",
            "Category": "Design",
            "InvariantScript": "RGBA(0, 0, 0, 0)",
            "RuleProviderType": "Unknown"
          },
          {
            "Property": "X",
            "Category": "Design",
            "InvariantScript": "60",
            "RuleProviderType": "Unknown"
          },
          {
            "Property": "Y",
            "Category": "Design",
            "InvariantScript": "60",
            "RuleProviderType": "Unknown"
          },
          {
            "Property": "Width",
            "Category": "Design",
            "InvariantScript": "500",
            "RuleProviderType": "Unknown"
          },
          {
            "Property": "Height",
            "Category": "Design",
            "InvariantScript": "200",
            "RuleProviderType": "Unknown"
          },
          {
            "Property": "DisplayMode",
            "Category": "Design",
            "InvariantScript": "DisplayMode.Edit",
            "RuleProviderType": "Unknown"
          },
          {
            "Property": "LayoutMode",
            "Category": "Design",
            "InvariantScript": "LayoutMode.Manual",
            "RuleProviderType": "Unknown"
          },
          {
            "Property": "LayoutDirection",
            "Category": "Design",
            "InvariantScript": "LayoutDirection.Horizontal",
            "RuleProviderType": "Unknown"
          },
          {
            "Property": "LayoutAlignItems",
            "Category": "Design",
            "InvariantScript": "LayoutAlignItems.Start",
            "RuleProviderType": "Unknown"
          },
          {
            "Property": "LayoutJustifyContent",
            "Category": "Design",
            "InvariantScript": "LayoutJustifyContent.Start",
            "RuleProviderType": "Unknown"
          },
          {
            "Property": "LayoutGap",
            "Category": "Design",
            "InvariantScript": "0",
            "RuleProviderType": "System"
          },
          {
            "Property": "LayoutOverflowX",
            "Category": "Design",
            "InvariantScript": "LayoutOverflow.Hide",
            "RuleProviderType": "Unknown"
          },
          {
            "Property": "LayoutOverflowY",
            "Category": "Design",
            "InvariantScript": "LayoutOverflow.Hide",
            "RuleProviderType": "Unknown"
          },
          {
            "Property": "LayoutWrap",
            "Category": "Design",
            "InvariantScript": "false",
            "RuleProviderType": "Unknown"
          },
          {
            "Property": "DropShadow",
            "Category": "Design",
            "InvariantScript": "DropShadow.Light",
            "RuleProviderType": "Unknown"
          },
          {
            "Property": "ZIndex",
            "Category": "Design",
            "InvariantScript": "3",
            "RuleProviderType": "Unknown"
          },
          {
            "Property": "RadiusTopLeft",
            "Category": "Design",
            "InvariantScript": "4",
            "RuleProviderType": "Unknown"
          },
          {
            "Property": "RadiusTopRight",
            "Category": "Design",
            "InvariantScript": "4",
            "RuleProviderType": "Unknown"
          },
          {
            "Property": "RadiusBottomLeft",
            "Category": "Design",
            "InvariantScript": "4",
            "RuleProviderType": "Unknown"
          },
          {
            "Property": "RadiusBottomRight",
            "Category": "Design",
            "InvariantScript": "4",
            "RuleProviderType": "Unknown"
          }
        ],
        "ControlPropertyState": [
          "BorderColor",
          "BorderStyle",
          "Fill",
          "X",
          "Y",
          "Width",
          "Height",
          "DisplayMode",
          "LayoutMode",
          "LayoutDirection",
          "LayoutAlignItems",
          "LayoutJustifyContent",
          "LayoutGap",
          "LayoutOverflowX",
          "LayoutOverflowY",
          "LayoutWrap",
          "DropShadow",
          "ZIndex",
          "RadiusTopLeft",
          "RadiusTopRight",
          "RadiusBottomLeft",
          "RadiusBottomRight"
        ],
        "IsLocked": false,
        "ControlUniqueId": "82",
        "Children": []
      }
    ]
  }
}