{
  "TopParent": {
    "Type": "ControlInfo",
    "Name": "App",
    "Template": {
      "Id": "http://microsoft.com/appmagic/appinfo",
      "Version": "1.0",
      "LastModifiedTimestamp": "0",
      "Name": "appinfo",
      "FirstParty": true,
      "IsPremiumPcfControl": false,
      "IsCustomGroupControlTemplate": false,
      "CustomGroupControlTemplateName": "",
      "IsComponentDefinition": false,
      "OverridableProperties": {}
    },
    "Index": 0,
    "PublishOrderIndex": 0,
    "VariantName": "",
    "LayoutName": "",
    "MetaDataIDKey": "",
    "PersistMetaDataIDKey": false,
    "IsFromScreenLayout": false,
    "StyleName": "",
    "Parent": "",
    "IsDataControl": true,
    "AllowAccessToGlobals": true,
    "OptimizeForDevices": "Off",
    "IsGroupControl": false,
    "IsAutoGenerated": false,
    "Rules": [
      {
        "Property": "ConfirmExit",
        "Category": "Data",
        "InvariantScript": "false",
        "RuleProviderType": "Unknown"
      },
      {
        "Property": "BackEnabled",
        "Category": "Data",
        "InvariantScript": "true",
        "RuleProviderType": "Unknown"
      },
      {
        "Property": "MinScreenHeight",
        "Category": "Design",
        "InvariantScript": "320",
        "RuleProviderType": "Unknown"
      },
      {
        "Property": "MinScreenWidth",
        "Category": "Design",
        "InvariantScript": "320",
        "RuleProviderType": "Unknown"
      },
      {
        "Property": "Theme",
        "Category": "Design",
        "InvariantScript": "PowerAppsTheme",
        "RuleProviderType": "Unknown"
      },
      {
        "Property": "OnStart",
        "Category": "Behavior",
        "InvariantScript": "/*Factory - Abstracción*/\r\nSet(varDatos,\"SharePoint\"); // Puede ser \"SQL\" - \"SharePoint\"\r\n/*Singleton - Se ejecuta una única vez al momento de cargar desarrollo El Singleton asegura que solo exista una instancia de la configuración en toda la aplicación*/\r\nSet(varRolUsuario,LookUp(If(varDatos=\"SharePoint\",TbUsuarios,TbUsuarioSQL),NombreUsuario=User().FullName,TipoUsuario));\r\n//////////\r\nSet(varTLoading,true);\r\nSet(Size,9);\r\nSet(varIdioma,\"en\");\r\nSet(varExtended,false);\r\nSet(varID,0);\r\nSet(varActiveScreen,1);\r\nSet(varNotification,\"No\");\r\nSet(varUsuario,User().FullName);\r\n",
        "RuleProviderType": "User"
      },
      {
        "Property": "SizeBreakpoints",
        "Category": "ConstantData",
        "InvariantScript": "[600, 900, 1200]",
        "RuleProviderType": "Unknown"
      },
      {
        "Property": "Formulas",
        "Category": "Formulas",
        "InvariantScript": "Colors =\r\n    {\r\n        Primary:ColorValue(\"#0cdad3\"),\r\n        Secondary:RGBA(255,255,255,1),\r\n        Text:RGBA(77,77,77,1),\r\n        PopUps:RGBA(3, 12, 19, 1),\r\n        Background:ColorValue(\"#010409\")//\"(#01111d\")\r\n};\r\n/*  PATRON SINGLETON\r\n**Acá se usa cuando almaceno en una variable el tipo usuario\r\n\r\n    PATRON CREACIONAL\r\n**Factory Method** en PowerApps es un patrón que permite construir dinámicamente diferentes interfaces o comportamientos (como formularios, vistas o acciones) según el tipo de usuario, delegando la decisión de qué \"objeto\" (vista o funcionalidad) crear a una función o componente.\r\n\r\n    PATRON DE COMPORTAMIENTO\r\n**Observer** en PowerApps es un patrón que permite que múltiples usuarios (observadores) sean notificados o reaccionen automáticamente cuando ocurre un evento en el sistema, como el registro de un nuevo producto.\r\n\r\n    PATRON ESTRUCTURAL\r\n**Composite - Vistas Usuario/Administrador** El patrón estructural Composite puede aplicarse en PowerApps cuando tienes una barra de accesos (navegación) que redirige a diferentes vistas según el tipo de usuario (por ejemplo, Administrador o Usuario común). Vamos a definirlo en ese contexto.\r\n\r\n**Bridge** Usado como abtracción en la base de datos en los Usuarios\r\nAbstracción - Reutilización: puedes usar componentes y fórmulas en distintos lugares.\r\nMantenibilidad: si cambias la lógica interna, no afecta el resto de la app\r\n\r\n\r\n\r\nPolimorfismo - Usar la misma función o COMPONENTE para distintos tipos de datos o usuarios.\r\n*/",
        "RuleProviderType": "User"
      }
    ],
    "ControlPropertyState": [
      "MinScreenHeight",
      "MinScreenWidth",
      "ConfirmExit",
      "SizeBreakpoints",
      "BackEnabled",
      "Theme",
      {
        "InvariantPropertyName": "OnStart",
        "AutoRuleBindingEnabled": false,
        "AutoRuleBindingString": "",
        "NameMapSourceSchema": "?",
        "IsLockable": false,
        "AFDDataSourceName": ""
      },
      {
        "InvariantPropertyName": "Formulas",
        "AutoRuleBindingEnabled": false,
        "AutoRuleBindingString": "",
        "NameMapSourceSchema": "?",
        "IsLockable": false,
        "AFDDataSourceName": ""
      }
    ],
    "IsLocked": false,
    "ControlUniqueId": "1",
    "Children": [
      {
        "Type": "ControlInfo",
        "Name": "Host",
        "HasDynamicProperties": false,
        "Template": {
          "Id": "http://microsoft.com/appmagic/hostcontrol",
          "Version": "1.6.0",
          "LastModifiedTimestamp": "0",
          "Name": "hostControl",
          "FirstParty": true,
          "IsPremiumPcfControl": false,
          "IsCustomGroupControlTemplate": false,
          "CustomGroupControlTemplateName": "",
          "IsComponentDefinition": false,
          "HostType": "Default",
          "OverridableProperties": {}
        },
        "Index": 0,
        "PublishOrderIndex": 0,
        "VariantName": "DefaultHostControlVariant",
        "LayoutName": "",
        "MetaDataIDKey": "",
        "PersistMetaDataIDKey": false,
        "IsFromScreenLayout": false,
        "StyleName": "",
        "Parent": "App",
        "IsDataControl": true,
        "AllowAccessToGlobals": true,
        "OptimizeForDevices": "Off",
        "IsGroupControl": false,
        "IsAutoGenerated": false,
        "Rules": [
          {
            "Property": "OnNew",
            "Category": "Behavior",
            "InvariantScript": "false",
            "RuleProviderType": "Unknown"
          },
          {
            "Property": "OnEdit",
            "Category": "Behavior",
            "InvariantScript": "false",
            "RuleProviderType": "Unknown"
          },
          {
            "Property": "OnView",
            "Category": "Behavior",
            "InvariantScript": "false",
            "RuleProviderType": "Unknown"
          },
          {
            "Property": "OnSave",
            "Category": "Behavior",
            "InvariantScript": "false",
            "RuleProviderType": "Unknown"
          },
          {
            "Property": "OnCancel",
            "Category": "Behavior",
            "InvariantScript": "false",
            "RuleProviderType": "Unknown"
          }
        ],
        "ControlPropertyState": [
          "OnNew",
          "OnEdit",
          "OnView",
          "OnSave",
          "OnCancel"
        ],
        "IsLocked": false,
        "ControlUniqueId": "3",
        "Children": []
      }
    ]
  }
}