{
  "TopParent": {
    "Type": "ControlInfo",
    "Name": "FrmLoading",
    "Template": {
      "Id": "http://microsoft.com/appmagic/screen",
      "Version": "1.0",
      "LastModifiedTimestamp": "0",
      "Name": "screen",
      "FirstParty": true,
      "IsPremiumPcfControl": false,
      "IsCustomGroupControlTemplate": false,
      "CustomGroupControlTemplateName": "",
      "IsComponentDefinition": false,
      "OverridableProperties": {}
    },
    "Index": 0,
    "PublishOrderIndex": 0,
    "VariantName": "",
    "LayoutName": "",
    "MetaDataIDKey": "",
    "PersistMetaDataIDKey": false,
    "IsFromScreenLayout": false,
    "StyleName": "defaultScreenStyle",
    "Parent": "",
    "IsDataControl": false,
    "AllowAccessToGlobals": true,
    "OptimizeForDevices": "Off",
    "IsGroupControl": false,
    "IsAutoGenerated": false,
    "Rules": [
      {
        "Property": "Fill",
        "Category": "Design",
        "InvariantScript": "RGBA(24, 22, 33, 1)",
        "RuleProviderType": "Unknown"
      },
      {
        "Property": "ImagePosition",
        "Category": "Design",
        "InvariantScript": "ImagePosition.Fit",
        "RuleProviderType": "Unknown"
      },
      {
        "Property": "Height",
        "Category": "Design",
        "InvariantScript": "Max(App.Height, App.MinScreenHeight)",
        "RuleProviderType": "Unknown"
      },
      {
        "Property": "Width",
        "Category": "Design",
        "InvariantScript": "Max(App.Width, App.MinScreenWidth)",
        "RuleProviderType": "Unknown"
      },
      {
        "Property": "Size",
        "Category": "Design",
        "InvariantScript": "1 + CountRows(App.SizeBreakpoints) - CountIf(App.SizeBreakpoints, Value >= Self.Width)",
        "RuleProviderType": "Unknown"
      },
      {
        "Property": "Orientation",
        "Category": "Design",
        "InvariantScript": "If(Self.Width < Self.Height, Layout.Vertical, Layout.Horizontal)",
        "RuleProviderType": "Unknown"
      },
      {
        "Property": "LoadingSpinner",
        "Category": "Design",
        "InvariantScript": "LoadingSpinner.None",
        "RuleProviderType": "Unknown"
      },
      {
        "Property": "LoadingSpinnerColor",
        "Category": "Design",
        "InvariantScript": "RGBA(0, 120, 212, 1)",
        "RuleProviderType": "Unknown"
      }
    ],
    "ControlPropertyState": [
      {
        "InvariantPropertyName": "Fill",
        "AutoRuleBindingEnabled": false,
        "AutoRuleBindingString": "",
        "NameMapSourceSchema": "?",
        "IsLockable": false,
        "AFDDataSourceName": ""
      },
      "ImagePosition",
      "Height",
      "Width",
      "Size",
      "Orientation",
      "LoadingSpinner",
      "LoadingSpinnerColor"
    ],
    "IsLocked": false,
    "ControlUniqueId": "48",
    "Children": [
      {
        "Type": "ControlInfo",
        "Name": "Timer2",
        "HasDynamicProperties": false,
        "Template": {
          "Id": "http://microsoft.com/appmagic/timer",
          "Version": "2.1.0",
          "LastModifiedTimestamp": "0",
          "Name": "timer",
          "FirstParty": true,
          "IsPremiumPcfControl": false,
          "IsCustomGroupControlTemplate": false,
          "CustomGroupControlTemplateName": "",
          "IsComponentDefinition": false,
          "OverridableProperties": {}
        },
        "Index": 0,
        "PublishOrderIndex": 0,
        "VariantName": "",
        "LayoutName": "",
        "MetaDataIDKey": "",
        "PersistMetaDataIDKey": false,
        "IsFromScreenLayout": false,
        "StyleName": "defaultTimerStyle",
        "Parent": "FrmLoading",
        "IsDataControl": false,
        "AllowAccessToGlobals": true,
        "OptimizeForDevices": "Off",
        "IsGroupControl": false,
        "IsAutoGenerated": false,
        "Rules": [
          {
            "Property": "Start",
            "Category": "Data",
            "InvariantScript": "varTLoading",
            "RuleProviderType": "Unknown"
          },
          {
            "Property": "Duration",
            "Category": "Data",
            "InvariantScript": "3000",
            "RuleProviderType": "User"
          },
          {
            "Property": "Repeat",
            "Category": "Data",
            "InvariantScript": "false",
            "RuleProviderType": "Unknown"
          },
          {
            "Property": "Reset",
            "Category": "Data",
            "InvariantScript": "false",
            "RuleProviderType": "Unknown"
          },
          {
            "Property": "AutoStart",
            "Category": "Data",
            "InvariantScript": "true",
            "RuleProviderType": "Unknown"
          },
          {
            "Property": "AutoPause",
            "Category": "Data",
            "InvariantScript": "true",
            "RuleProviderType": "Unknown"
          },
          {
            "Property": "Text",
            "Category": "Data",
            "InvariantScript": "Text(Time(0, 0, Self.Value/4000), \"hh:mm:ss\")",
            "RuleProviderType": "User"
          },
          {
            "Property": "Tooltip",
            "Category": "Data",
            "InvariantScript": "\"\"",
            "RuleProviderType": "Unknown"
          },
          {
            "Property": "ContentLanguage",
            "Category": "Data",
            "InvariantScript": "\"\"",
            "RuleProviderType": "Unknown"
          },
          {
            "Property": "BorderColor",
            "Category": "Design",
            "InvariantScript": "ColorFade(Self.Fill, -15%)",
            "RuleProviderType": "Unknown"
          },
          {
            "Property": "RadiusTopLeft",
            "Category": "Design",
            "InvariantScript": "10",
            "RuleProviderType": "Unknown"
          },
          {
            "Property": "RadiusTopRight",
            "Category": "Design",
            "InvariantScript": "10",
            "RuleProviderType": "Unknown"
          },
          {
            "Property": "RadiusBottomLeft",
            "Category": "Design",
            "InvariantScript": "10",
            "RuleProviderType": "Unknown"
          },
          {
            "Property": "RadiusBottomRight",
            "Category": "Design",
            "InvariantScript": "10",
            "RuleProviderType": "Unknown"
          },
          {
            "Property": "DisabledBorderColor",
            "Category": "Design",
            "InvariantScript": "ColorFade(Self.BorderColor, 70%)",
            "RuleProviderType": "Unknown"
          },
          {
            "Property": "PressedBorderColor",
            "Category": "Design",
            "InvariantScript": "Self.Fill",
            "RuleProviderType": "Unknown"
          },
          {
            "Property": "HoverBorderColor",
            "Category": "Design",
            "InvariantScript": "ColorFade(Self.BorderColor, 20%)",
            "RuleProviderType": "Unknown"
          },
          {
            "Property": "BorderStyle",
            "Category": "Design",
            "InvariantScript": "BorderStyle.Solid",
            "RuleProviderType": "Unknown"
          },
          {
            "Property": "BorderThickness",
            "Category": "Design",
            "InvariantScript": "2",
            "RuleProviderType": "Unknown"
          },
          {
            "Property": "FocusedBorderColor",
            "Category": "Design",
            "InvariantScript": "Self.BorderColor",
            "RuleProviderType": "Unknown"
          },
          {
            "Property": "FocusedBorderThickness",
            "Category": "Design",
            "InvariantScript": "4",
            "RuleProviderType": "Unknown"
          },
          {
            "Property": "Color",
            "Category": "Design",
            "InvariantScript": "RGBA(255, 255, 255, 1)",
            "RuleProviderType": "Unknown"
          },
          {
            "Property": "DisabledColor",
            "Category": "Design",
            "InvariantScript": "ColorFade(Self.Fill, 90%)",
            "RuleProviderType": "Unknown"
          },
          {
            "Property": "PressedColor",
            "Category": "Design",
            "InvariantScript": "Self.Fill",
            "RuleProviderType": "Unknown"
          },
          {
            "Property": "HoverColor",
            "Category": "Design",
            "InvariantScript": "RGBA(255, 255, 255, 1)",
            "RuleProviderType": "Unknown"
          },
          {
            "Property": "DisplayMode",
            "Category": "Design",
            "InvariantScript": "DisplayMode.Edit",
            "RuleProviderType": "Unknown"
          },
          {
            "Property": "Fill",
            "Category": "Design",
            "InvariantScript": "RGBA(56, 96, 178, 1)",
            "RuleProviderType": "Unknown"
          },
          {
            "Property": "DisabledFill",
            "Category": "Design",
            "InvariantScript": "ColorFade(Self.Fill, 70%)",
            "RuleProviderType": "Unknown"
          },
          {
            "Property": "PressedFill",
            "Category": "Design",
            "InvariantScript": "Self.Color",
            "RuleProviderType": "Unknown"
          },
          {
            "Property": "HoverFill",
            "Category": "Design",
            "InvariantScript": "ColorFade(RGBA(56, 96, 178, 1), -20%)",
            "RuleProviderType": "Unknown"
          },
          {
            "Property": "Font",
            "Category": "Design",
            "InvariantScript": "Font.'Open Sans'",
            "RuleProviderType": "Unknown"
          },
          {
            "Property": "Size",
            "Category": "Design",
            "InvariantScript": "13",
            "RuleProviderType": "Unknown"
          },
          {
            "Property": "FontWeight",
            "Category": "Design",
            "InvariantScript": "FontWeight.Normal",
            "RuleProviderType": "Unknown"
          },
          {
            "Property": "Italic",
            "Category": "Design",
            "InvariantScript": "false",
            "RuleProviderType": "Unknown"
          },
          {
            "Property": "Underline",
            "Category": "Design",
            "InvariantScript": "false",
            "RuleProviderType": "Unknown"
          },
          {
            "Property": "Strikethrough",
            "Category": "Design",
            "InvariantScript": "false",
            "RuleProviderType": "Unknown"
          },
          {
            "Property": "Align",
            "Category": "Design",
            "InvariantScript": "Align.Center",
            "RuleProviderType": "Unknown"
          },
          {
            "Property": "PaddingTop",
            "Category": "Design",
            "InvariantScript": "5",
            "RuleProviderType": "Unknown"
          },
          {
            "Property": "PaddingRight",
            "Category": "Design",
            "InvariantScript": "5",
            "RuleProviderType": "Unknown"
          },
          {
            "Property": "PaddingBottom",
            "Category": "Design",
            "InvariantScript": "5",
            "RuleProviderType": "Unknown"
          },
          {
            "Property": "PaddingLeft",
            "Category": "Design",
            "InvariantScript": "5",
            "RuleProviderType": "Unknown"
          },
          {
            "Property": "Visible",
            "Category": "Design",
            "InvariantScript": "false",
            "RuleProviderType": "Unknown"
          },
          {
            "Property": "VerticalAlign",
            "Category": "Design",
            "InvariantScript": "VerticalAlign.Middle",
            "RuleProviderType": "Unknown"
          },
          {
            "Property": "X",
            "Category": "Design",
            "InvariantScript": "40",
            "RuleProviderType": "Unknown"
          },
          {
            "Property": "Y",
            "Category": "Design",
            "InvariantScript": "40",
            "RuleProviderType": "Unknown"
          },
          {
            "Property": "Width",
            "Category": "Design",
            "InvariantScript": "160",
            "RuleProviderType": "Unknown"
          },
          {
            "Property": "Height",
            "Category": "Design",
            "InvariantScript": "40",
            "RuleProviderType": "Unknown"
          },
          {
            "Property": "TabIndex",
            "Category": "Design",
            "InvariantScript": "0",
            "RuleProviderType": "System"
          },
          {
            "Property": "maximumHeight",
            "Category": "Design",
            "InvariantScript": "768",
            "RuleProviderType": "Unknown"
          },
          {
            "Property": "maximumWidth",
            "Category": "Design",
            "InvariantScript": "1366",
            "RuleProviderType": "Unknown"
          },
          {
            "Property": "minimumHeight",
            "Category": "Design",
            "InvariantScript": "5",
            "RuleProviderType": "Unknown"
          },
          {
            "Property": "minimumWidth",
            "Category": "Design",
            "InvariantScript": "5",
            "RuleProviderType": "Unknown"
          },
          {
            "Property": "ZIndex",
            "Category": "Design",
            "InvariantScript": "3",
            "RuleProviderType": "Unknown"
          },
          {
            "Property": "OnTimerStart",
            "Category": "Behavior",
            "InvariantScript": "varTLoading",
            "RuleProviderType": "Unknown"
          },
          {
            "Property": "OnTimerEnd",
            "Category": "Behavior",
            "InvariantScript": "Set(varTLoading,false);\nNavigate(FrmMain);",
            "RuleProviderType": "Unknown"
          },
          {
            "Property": "OnSelect",
            "Category": "Behavior",
            "InvariantScript": "false",
            "RuleProviderType": "Unknown"
          }
        ],
        "ControlPropertyState": [
          "Start",
          {
            "InvariantPropertyName": "Duration",
            "AutoRuleBindingEnabled": false,
            "AutoRuleBindingString": "7000",
            "NameMapSourceSchema": "?",
            "IsLockable": false,
            "AFDDataSourceName": ""
          },
          "Repeat",
          "Reset",
          "AutoStart",
          "AutoPause",
          "OnTimerStart",
          "OnTimerEnd",
          "OnSelect",
          {
            "InvariantPropertyName": "Text",
            "AutoRuleBindingEnabled": false,
            "AutoRuleBindingString": "Text(Time(0, 0, Self.Value/1000), \"hh:mm:ss\")",
            "NameMapSourceSchema": "?",
            "IsLockable": false,
            "AFDDataSourceName": ""
          },
          "Tooltip",
          "ContentLanguage",
          "BorderColor",
          "RadiusTopLeft",
          "RadiusTopRight",
          "RadiusBottomLeft",
          "RadiusBottomRight",
          "DisabledBorderColor",
          "PressedBorderColor",
          "HoverBorderColor",
          "BorderStyle",
          "BorderThickness",
          "FocusedBorderColor",
          "FocusedBorderThickness",
          "Color",
          "DisabledColor",
          "PressedColor",
          "HoverColor",
          "DisplayMode",
          "Fill",
          "DisabledFill",
          "PressedFill",
          "HoverFill",
          "Font",
          "Size",
          "FontWeight",
          "Italic",
          "Underline",
          "Strikethrough",
          "Align",
          "PaddingTop",
          "PaddingRight",
          "PaddingBottom",
          "PaddingLeft",
          "Visible",
          "VerticalAlign",
          "X",
          "Y",
          "Width",
          "Height",
          "TabIndex",
          "maximumHeight",
          "maximumWidth",
          "minimumHeight",
          "minimumWidth",
          "ZIndex"
        ],
        "IsLocked": false,
        "ControlUniqueId": "49",
        "Children": []
      },
      {
        "Type": "ControlInfo",
        "Name": "Image4",
        "HasDynamicProperties": false,
        "Template": {
          "Id": "http://microsoft.com/appmagic/image",
          "Version": "2.2.3",
          "LastModifiedTimestamp": "0",
          "Name": "image",
          "FirstParty": true,
          "IsPremiumPcfControl": false,
          "IsCustomGroupControlTemplate": false,
          "CustomGroupControlTemplateName": "",
          "IsComponentDefinition": false,
          "OverridableProperties": {}
        },
        "Index": 0,
        "PublishOrderIndex": 1,
        "VariantName": "",
        "LayoutName": "",
        "MetaDataIDKey": "",
        "PersistMetaDataIDKey": false,
        "IsFromScreenLayout": false,
        "StyleName": "defaultImageStyle",
        "Parent": "FrmLoading",
        "IsDataControl": false,
        "AllowAccessToGlobals": true,
        "OptimizeForDevices": "Off",
        "IsGroupControl": false,
        "IsAutoGenerated": false,
        "Rules": [
          {
            "Property": "Image",
            "Category": "Data",
            "InvariantScript": "Loading",
            "RuleProviderType": "Unknown"
          },
          {
            "Property": "AccessibleLabel",
            "Category": "Data",
            "InvariantScript": "\"\"",
            "RuleProviderType": "Unknown"
          },
          {
            "Property": "Tooltip",
            "Category": "Data",
            "InvariantScript": "\"\"",
            "RuleProviderType": "Unknown"
          },
          {
            "Property": "ContentLanguage",
            "Category": "Data",
            "InvariantScript": "\"\"",
            "RuleProviderType": "Unknown"
          },
          {
            "Property": "Transparency",
            "Category": "Design",
            "InvariantScript": "0",
            "RuleProviderType": "System"
          },
          {
            "Property": "ImagePosition",
            "Category": "Design",
            "InvariantScript": "ImagePosition.Fit",
            "RuleProviderType": "Unknown"
          },
          {
            "Property": "CalculateOriginalDimensions",
            "Category": "Design",
            "InvariantScript": "false",
            "RuleProviderType": "Unknown"
          },
          {
            "Property": "ImageRotation",
            "Category": "Design",
            "InvariantScript": "ImageRotation.None",
            "RuleProviderType": "Unknown"
          },
          {
            "Property": "FlipHorizontal",
            "Category": "Design",
            "InvariantScript": "false",
            "RuleProviderType": "Unknown"
          },
          {
            "Property": "FlipVertical",
            "Category": "Design",
            "InvariantScript": "false",
            "RuleProviderType": "Unknown"
          },
          {
            "Property": "ApplyEXIFOrientation",
            "Category": "Design",
            "InvariantScript": "true",
            "RuleProviderType": "Unknown"
          },
          {
            "Property": "AutoDisableOnSelect",
            "Category": "Design",
            "InvariantScript": "true",
            "RuleProviderType": "Unknown"
          },
          {
            "Property": "X",
            "Category": "Design",
            "InvariantScript": "(App.Width-Self.Width)/2",
            "RuleProviderType": "Unknown"
          },
          {
            "Property": "Y",
            "Category": "Design",
            "InvariantScript": "(App.Height-Self.Height)/2",
            "RuleProviderType": "Unknown"
          },
          {
            "Property": "Width",
            "Category": "Design",
            "InvariantScript": "App.Width/6",
            "RuleProviderType": "Unknown"
          },
          {
            "Property": "Height",
            "Category": "Design",
            "InvariantScript": "212",
            "RuleProviderType": "Unknown"
          },
          {
            "Property": "Visible",
            "Category": "Design",
            "InvariantScript": "true",
            "RuleProviderType": "Unknown"
          },
          {
            "Property": "Fill",
            "Category": "Design",
            "InvariantScript": "RGBA(0, 0, 0, 0)",
            "RuleProviderType": "Unknown"
          },
          {
            "Property": "DisabledFill",
            "Category": "Design",
            "InvariantScript": "RGBA(244, 244, 244, 1)",
            "RuleProviderType": "Unknown"
          },
          {
            "Property": "PressedFill",
            "Category": "Design",
            "InvariantScript": "ColorFade(Self.Fill, -20%)",
            "RuleProviderType": "Unknown"
          },
          {
            "Property": "HoverFill",
            "Category": "Design",
            "InvariantScript": "ColorFade(Self.Fill, 20%)",
            "RuleProviderType": "Unknown"
          },
          {
            "Property": "BorderColor",
            "Category": "Design",
            "InvariantScript": "RGBA(0, 18, 107, 1)",
            "RuleProviderType": "Unknown"
          },
          {
            "Property": "RadiusTopLeft",
            "Category": "Design",
            "InvariantScript": "0",
            "RuleProviderType": "System"
          },
          {
            "Property": "RadiusTopRight",
            "Category": "Design",
            "InvariantScript": "0",
            "RuleProviderType": "System"
          },
          {
            "Property": "RadiusBottomLeft",
            "Category": "Design",
            "InvariantScript": "0",
            "RuleProviderType": "System"
          },
          {
            "Property": "RadiusBottomRight",
            "Category": "Design",
            "InvariantScript": "0",
            "RuleProviderType": "System"
          },
          {
            "Property": "DisabledBorderColor",
            "Category": "Design",
            "InvariantScript": "RGBA(166, 166, 166, 1)",
            "RuleProviderType": "Unknown"
          },
          {
            "Property": "PressedBorderColor",
            "Category": "Design",
            "InvariantScript": "ColorFade(Self.BorderColor, -20%)",
            "RuleProviderType": "Unknown"
          },
          {
            "Property": "HoverBorderColor",
            "Category": "Design",
            "InvariantScript": "ColorFade(Self.BorderColor, 20%)",
            "RuleProviderType": "Unknown"
          },
          {
            "Property": "BorderThickness",
            "Category": "Design",
            "InvariantScript": "0",
            "RuleProviderType": "System"
          },
          {
            "Property": "FocusedBorderColor",
            "Category": "Design",
            "InvariantScript": "Self.BorderColor",
            "RuleProviderType": "Unknown"
          },
          {
            "Property": "FocusedBorderThickness",
            "Category": "Design",
            "InvariantScript": "2",
            "RuleProviderType": "Unknown"
          },
          {
            "Property": "BorderStyle",
            "Category": "Design",
            "InvariantScript": "BorderStyle.Solid",
            "RuleProviderType": "Unknown"
          },
          {
            "Property": "PaddingTop",
            "Category": "Design",
            "InvariantScript": "0",
            "RuleProviderType": "System"
          },
          {
            "Property": "PaddingRight",
            "Category": "Design",
            "InvariantScript": "0",
            "RuleProviderType": "System"
          },
          {
            "Property": "PaddingBottom",
            "Category": "Design",
            "InvariantScript": "0",
            "RuleProviderType": "System"
          },
          {
            "Property": "PaddingLeft",
            "Category": "Design",
            "InvariantScript": "0",
            "RuleProviderType": "System"
          },
          {
            "Property": "DisplayMode",
            "Category": "Design",
            "InvariantScript": "DisplayMode.Edit",
            "RuleProviderType": "Unknown"
          },
          {
            "Property": "TabIndex",
            "Category": "Design",
            "InvariantScript": "-1",
            "RuleProviderType": "Unknown"
          },
          {
            "Property": "minimumWidth",
            "Category": "Design",
            "InvariantScript": "1",
            "RuleProviderType": "System"
          },
          {
            "Property": "minimumHeight",
            "Category": "Design",
            "InvariantScript": "1",
            "RuleProviderType": "System"
          },
          {
            "Property": "maximumWidth",
            "Category": "Design",
            "InvariantScript": "1366",
            "RuleProviderType": "Unknown"
          },
          {
            "Property": "maximumHeight",
            "Category": "Design",
            "InvariantScript": "768",
            "RuleProviderType": "Unknown"
          },
          {
            "Property": "ZIndex",
            "Category": "Design",
            "InvariantScript": "1",
            "RuleProviderType": "System"
          },
          {
            "Property": "OnSelect",
            "Category": "Behavior",
            "InvariantScript": "false",
            "RuleProviderType": "Unknown"
          }
        ],
        "ControlPropertyState": [
          "Image",
          "Transparency",
          "ImagePosition",
          "CalculateOriginalDimensions",
          "ImageRotation",
          "FlipHorizontal",
          "FlipVertical",
          "ApplyEXIFOrientation",
          "AccessibleLabel",
          "Tooltip",
          "ContentLanguage",
          "AutoDisableOnSelect",
          "X",
          "Y",
          "Width",
          "Height",
          "Visible",
          "Fill",
          "DisabledFill",
          "PressedFill",
          "HoverFill",
          "BorderColor",
          "RadiusTopLeft",
          "RadiusTopRight",
          "RadiusBottomLeft",
          "RadiusBottomRight",
          "DisabledBorderColor",
          "PressedBorderColor",
          "HoverBorderColor",
          "BorderThickness",
          "FocusedBorderColor",
          "FocusedBorderThickness",
          "BorderStyle",
          "PaddingTop",
          "PaddingRight",
          "PaddingBottom",
          "PaddingLeft",
          "DisplayMode",
          "TabIndex",
          "OnSelect",
          "minimumWidth",
          "minimumHeight",
          "maximumWidth",
          "maximumHeight",
          "ZIndex"
        ],
        "IsLocked": false,
        "ControlUniqueId": "50",
        "Children": []
      },
      {
        "Type": "ControlInfo",
        "Name": "Label8_1",
        "HasDynamicProperties": false,
        "Template": {
          "Id": "http://microsoft.com/appmagic/label",
          "Version": "2.5.1",
          "LastModifiedTimestamp": "0",
          "Name": "label",
          "FirstParty": true,
          "IsPremiumPcfControl": false,
          "IsCustomGroupControlTemplate": false,
          "CustomGroupControlTemplateName": "",
          "IsComponentDefinition": false,
          "OverridableProperties": {}
        },
        "Index": 0,
        "PublishOrderIndex": 2,
        "VariantName": "",
        "LayoutName": "",
        "MetaDataIDKey": "",
        "PersistMetaDataIDKey": false,
        "IsFromScreenLayout": false,
        "StyleName": "defaultLabelStyle",
        "Parent": "FrmLoading",
        "IsDataControl": false,
        "AllowAccessToGlobals": true,
        "OptimizeForDevices": "Off",
        "IsGroupControl": false,
        "IsAutoGenerated": false,
        "Rules": [
          {
            "Property": "Live",
            "Category": "Data",
            "InvariantScript": "Live.Off",
            "RuleProviderType": "Unknown"
          },
          {
            "Property": "Text",
            "Category": "Data",
            "InvariantScript": "\"LOADING\"",
            "RuleProviderType": "Unknown"
          },
          {
            "Property": "Tooltip",
            "Category": "Data",
            "InvariantScript": "\"\"",
            "RuleProviderType": "Unknown"
          },
          {
            "Property": "Role",
            "Category": "Data",
            "InvariantScript": "TextRole.Default",
            "RuleProviderType": "Unknown"
          },
          {
            "Property": "ContentLanguage",
            "Category": "Data",
            "InvariantScript": "\"\"",
            "RuleProviderType": "Unknown"
          },
          {
            "Property": "LineHeight",
            "Category": "Design",
            "InvariantScript": "1.2",
            "RuleProviderType": "Unknown"
          },
          {
            "Property": "Overflow",
            "Category": "Design",
            "InvariantScript": "Overflow.Hidden",
            "RuleProviderType": "Unknown"
          },
          {
            "Property": "AutoHeight",
            "Category": "Design",
            "InvariantScript": "false",
            "RuleProviderType": "Unknown"
          },
          {
            "Property": "Wrap",
            "Category": "Design",
            "InvariantScript": "true",
            "RuleProviderType": "Unknown"
          },
          {
            "Property": "IsErrorMessage",
            "Category": "Design",
            "InvariantScript": "false",
            "RuleProviderType": "Unknown"
          },
          {
            "Property": "Color",
            "Category": "Design",
            "InvariantScript": "RGBA(255, 255, 255, 1)",
            "RuleProviderType": "Unknown"
          },
          {
            "Property": "DisabledColor",
            "Category": "Design",
            "InvariantScript": "RGBA(166, 166, 166, 1)",
            "RuleProviderType": "Unknown"
          },
          {
            "Property": "PressedColor",
            "Category": "Design",
            "InvariantScript": "Self.Color",
            "RuleProviderType": "Unknown"
          },
          {
            "Property": "HoverColor",
            "Category": "Design",
            "InvariantScript": "Self.Color",
            "RuleProviderType": "Unknown"
          },
          {
            "Property": "BorderColor",
            "Category": "Design",
            "InvariantScript": "RGBA(0, 18, 107, 1)",
            "RuleProviderType": "Unknown"
          },
          {
            "Property": "DisabledBorderColor",
            "Category": "Design",
            "InvariantScript": "RGBA(56, 56, 56, 1)",
            "RuleProviderType": "Unknown"
          },
          {
            "Property": "PressedBorderColor",
            "Category": "Design",
            "InvariantScript": "Self.BorderColor",
            "RuleProviderType": "Unknown"
          },
          {
            "Property": "HoverBorderColor",
            "Category": "Design",
            "InvariantScript": "Self.BorderColor",
            "RuleProviderType": "Unknown"
          },
          {
            "Property": "BorderStyle",
            "Category": "Design",
            "InvariantScript": "BorderStyle.Solid",
            "RuleProviderType": "Unknown"
          },
          {
            "Property": "BorderThickness",
            "Category": "Design",
            "InvariantScript": "0",
            "RuleProviderType": "System"
          },
          {
            "Property": "FocusedBorderColor",
            "Category": "Design",
            "InvariantScript": "Self.BorderColor",
            "RuleProviderType": "Unknown"
          },
          {
            "Property": "FocusedBorderThickness",
            "Category": "Design",
            "InvariantScript": "0",
            "RuleProviderType": "System"
          },
          {
            "Property": "Fill",
            "Category": "Design",
            "InvariantScript": "RGBA(0, 0, 0, 0)",
            "RuleProviderType": "Unknown"
          },
          {
            "Property": "DisabledFill",
            "Category": "Design",
            "InvariantScript": "RGBA(0, 0, 0, 0)",
            "RuleProviderType": "Unknown"
          },
          {
            "Property": "PressedFill",
            "Category": "Design",
            "InvariantScript": "Self.Fill",
            "RuleProviderType": "Unknown"
          },
          {
            "Property": "HoverFill",
            "Category": "Design",
            "InvariantScript": "Self.Fill",
            "RuleProviderType": "Unknown"
          },
          {
            "Property": "Font",
            "Category": "Design",
            "InvariantScript": "Font.'Lato Black'",
            "RuleProviderType": "Unknown"
          },
          {
            "Property": "Size",
            "Category": "Design",
            "InvariantScript": "13",
            "RuleProviderType": "Unknown"
          },
          {
            "Property": "FontWeight",
            "Category": "Design",
            "InvariantScript": "FontWeight.Bold",
            "RuleProviderType": "Unknown"
          },
          {
            "Property": "Italic",
            "Category": "Design",
            "InvariantScript": "false",
            "RuleProviderType": "Unknown"
          },
          {
            "Property": "Underline",
            "Category": "Design",
            "InvariantScript": "false",
            "RuleProviderType": "Unknown"
          },
          {
            "Property": "Strikethrough",
            "Category": "Design",
            "InvariantScript": "false",
            "RuleProviderType": "Unknown"
          },
          {
            "Property": "PaddingTop",
            "Category": "Design",
            "InvariantScript": "5",
            "RuleProviderType": "Unknown"
          },
          {
            "Property": "PaddingRight",
            "Category": "Design",
            "InvariantScript": "5",
            "RuleProviderType": "Unknown"
          },
          {
            "Property": "PaddingBottom",
            "Category": "Design",
            "InvariantScript": "5",
            "RuleProviderType": "Unknown"
          },
          {
            "Property": "PaddingLeft",
            "Category": "Design",
            "InvariantScript": "5",
            "RuleProviderType": "Unknown"
          },
          {
            "Property": "Align",
            "Category": "Design",
            "InvariantScript": "Align.Center",
            "RuleProviderType": "Unknown"
          },
          {
            "Property": "VerticalAlign",
            "Category": "Design",
            "InvariantScript": "VerticalAlign.Middle",
            "RuleProviderType": "Unknown"
          },
          {
            "Property": "X",
            "Category": "Design",
            "InvariantScript": "(App.Width-Self.Width)/2",
            "RuleProviderType": "Unknown"
          },
          {
            "Property": "Y",
            "Category": "Design",
            "InvariantScript": "Image4.Y+Image4.Height-15",
            "RuleProviderType": "Unknown"
          },
          {
            "Property": "Width",
            "Category": "Design",
            "InvariantScript": "150",
            "RuleProviderType": "Unknown"
          },
          {
            "Property": "Height",
            "Category": "Design",
            "InvariantScript": "40",
            "RuleProviderType": "Unknown"
          },
          {
            "Property": "Visible",
            "Category": "Design",
            "InvariantScript": "true",
            "RuleProviderType": "Unknown"
          },
          {
            "Property": "DisplayMode",
            "Category": "Design",
            "InvariantScript": "DisplayMode.Edit",
            "RuleProviderType": "Unknown"
          },
          {
            "Property": "TabIndex",
            "Category": "Design",
            "InvariantScript": "-1",
            "RuleProviderType": "Unknown"
          },
          {
            "Property": "minimumWidth",
            "Category": "Design",
            "InvariantScript": "1",
            "RuleProviderType": "System"
          },
          {
            "Property": "minimumHeight",
            "Category": "Design",
            "InvariantScript": "1",
            "RuleProviderType": "System"
          },
          {
            "Property": "maximumWidth",
            "Category": "Design",
            "InvariantScript": "1366",
            "RuleProviderType": "Unknown"
          },
          {
            "Property": "maximumHeight",
            "Category": "Design",
            "InvariantScript": "7680",
            "RuleProviderType": "Unknown"
          },
          {
            "Property": "ZIndex",
            "Category": "Design",
            "InvariantScript": "2",
            "RuleProviderType": "Unknown"
          },
          {
            "Property": "OnSelect",
            "Category": "Behavior",
            "InvariantScript": "false",
            "RuleProviderType": "Unknown"
          }
        ],
        "ControlPropertyState": [
          "Live",
          "LineHeight",
          "Overflow",
          "AutoHeight",
          "Wrap",
          "IsErrorMessage",
          "Text",
          "Tooltip",
          "Role",
          "ContentLanguage",
          "Color",
          "DisabledColor",
          "PressedColor",
          "HoverColor",
          "BorderColor",
          "DisabledBorderColor",
          "PressedBorderColor",
          "HoverBorderColor",
          "BorderStyle",
          "BorderThickness",
          "FocusedBorderColor",
          "FocusedBorderThickness",
          "Fill",
          "DisabledFill",
          "PressedFill",
          "HoverFill",
          "Font",
          "Size",
          "FontWeight",
          "Italic",
          "Underline",
          "Strikethrough",
          "PaddingTop",
          "PaddingRight",
          "PaddingBottom",
          "PaddingLeft",
          "Align",
          "VerticalAlign",
          "X",
          "Y",
          "Width",
          "Height",
          "Visible",
          "DisplayMode",
          "TabIndex",
          "OnSelect",
          "minimumWidth",
          "minimumHeight",
          "maximumWidth",
          "maximumHeight",
          "ZIndex"
        ],
        "IsLocked": false,
        "ControlUniqueId": "51",
        "Children": []
      }
    ]
  }
}