{
  "Author": "",
  "Name": "UHJvZ3JhbWFjaW9uT0JK.msapp",
  "Id": "0736f9b1-2ab0-4ff2-a10a-d4091db61715",
  "FileID": "cacb409b-5ba2-43a9-8613-99f92fe01f00",
  "LocalConnectionReferences": "{\"ed7d74e6-2115-46ec-8823-6b983f853d8d\":{\"id\":\"ed7d74e6-2115-46ec-8823-6b983f853d8d\",\"connectionInstanceId\":\"/providers/microsoft.powerapps/apis/shared_office365users/connections/f37cfeb6b496412a826763cb3bb11c7a\",\"dataSources\":[\"Office365Users\"],\"datasets\":{},\"dependencies\":{},\"dependents\":[],\"connectionRef\":{\"id\":\"/providers/microsoft.powerapps/apis/shared_office365users\",\"displayName\":\"Office 365 Users\",\"apiTier\":\"Standard\",\"iconUri\":\"https://conn-afd-prod-endpoint-bmc9bqahasf3grgk.b01.azurefd.net/v1.0.1767/1.0.1767.4341/office365users/icon.png\",\"parameterHints\":{},\"parameterHintsV2\":{}},\"appActions\":[]},\"1f03aafe-9721-4655-aec3-22dbc97e58c5\":{\"id\":\"1f03aafe-9721-4655-aec3-22dbc97e58c5\",\"connectionInstanceId\":\"/providers/microsoft.powerapps/apis/shared_sharepointonline/connections/d312ea158e7d41eb96fd5f986ed8eab0\",\"dataSources\":[\"TbUsuarios\",\"TbProductos\",\"TbUsuarioSQL\"],\"datasets\":{\"https://universidadmag.sharepoint.com/sites/DesarrolloSoftware\":{\"dataSources\":{\"TbUsuarios\":{\"tableName\":\"ec84fbad-dc97-44af-9843-77364b65ae1d\"},\"TbProductos\":{\"tableName\":\"f17c8f8e-cc7f-4967-bb0c-c7b4f0abe3ef\"},\"TbUsuarioSQL\":{\"tableName\":\"e04bcf76-a38e-498b-b7bb-baefbd2cb2c8\"}}}},\"dependencies\":{},\"dependents\":[],\"connectionRef\":{\"id\":\"/providers/microsoft.powerapps/apis/shared_sharepointonline\",\"displayName\":\"SharePoint\",\"apiTier\":\"Standard\",\"iconUri\":\"https://conn-afd-prod-endpoint-bmc9bqahasf3grgk.b01.azurefd.net/v1.0.1762/1.0.1762.4298/sharepointonline/icon.png\",\"parameterHints\":{},\"parameterHintsV2\":{}},\"appActions\":[\"providers/PowerPlatform.Governance/Operations/Read\",\"providers/PowerPlatform.Governance/Operations/Write\"]}}",
  "LocalDatabaseReferences": "",
  "LibraryDependencies": "[]",
  "AppPreviewFlagsMap": {
    "delayloadscreens": true,
    "errorhandling": true,
    "enableappembeddingux": false,
    "blockmovingcontrol": true,
    "projectionmapping": true,
    "usedisplaynamemetadata": true,
    "usenonblockingonstartrule": true,
    "longlivingcache": false,
    "useguiddatatypes": true,
    "useexperimentalcdsconnector": true,
    "useenforcesavedatalimits": true,
    "webbarcodescanner": false,
    "datatablev2control": true,
    "nativecdsexperimental": true,
    "delaycontrolrendering": true,
    "useexperimentalsqlconnector": true,
    "formuladataprefetch": true,
    "generatedebugpublishedapp": false,
    "keeprecentscreensloaded": false,
    "aibuilderserviceenrollment": false,
    "dynamicschema": false,
    "enablerowscopeonetonexpand": false,
    "herocontrols": false,
    "classiccontrols": false,
    "fluentv9controls": false,
    "fluentv9controlspreview": true,
    "onegrid": false,
    "enablepcfmoderndatasets": true,
    "optimizedforteamsmeeting": false,
    "behaviorpropertyui": true,
    "autocreateenvironmentvariables": false,
    "externalmessage": false,
    "enableonstartnavigate": false,
    "enableexcelonlinebusinessv2connector": true,
    "enableonstart": true,
    "exportimportcomponents2": true,
    "copyandmerge": false,
    "allowmultiplescreensincanvaspages": false,
    "enablecomponentscopeoldbehavior": false,
    "enablecomponentnamemaps": false,
    "enablecreateaformula": true,
    "enablesaveloadcleardataonweb": true,
    "rtlsupport": false,
    "improvedtabstopbehavior": false,
    "rtlinstudiopreview": false,
    "cdsdataformatting": false,
    "enablerpawarecomponentdependency": true,
    "expandedsavedatasupport": true,
    "appinsightserrortracing": false,
    "appinstrumentationcorrelationtracing": false,
    "powerfxv1": false,
    "zeroalltabindexes": true,
    "dataverseactionsenabled": true,
    "pdffunction": false,
    "packagemodernruntime": false,
    "enablecopilotcontrol": false,
    "enablecopilotanswercontrol": false,
    "disableruntimepolicies": false,
    "enablelegacybarcodescanner": false,
    "enabledataverseoffline": false,
    "mobilenativerendering": false,
    "smartemaildatacard": false,
    "enableupdateifdelegation": true,
    "dataflowanalysisenabled": true,
    "showclassicthemes": false,
    "userdefinedtypes": false,
    "enableeditinmcs": true,
    "disablebehaviorreturntypecheck": false,
    "commentgeneratedformulasv2": true,
    "enablecanvasappruntimecopilot": true,
    "offlineprofilegenerationemitscolumns": false,
    "proactivecontrolrename": true,
    "preferpayamlv2inux": false,
    "disablefallbacktopayamlv2": false,
    "sharepointselectsenabled": true,
    "adaptivepaging": false,
    "optimizestartscreenpublishedappload": true,
    "loadcomponentdefinitionsondemand": true,
    "tabledoesntwraprecords": true,
    "consistentreturnschemafortabularfunctions": true,
    "supportcolumnnamesasidentifiers": true,
    "powerfxdecimal": false,
    "reservedkeywords": false,
    "isemptyrequirestableargument": true,
    "primaryoutputpropertycoerciondeprecated": true
  },
  "DocumentLayoutWidth": 1366,
  "DocumentLayoutHeight": 768,
  "DocumentLayoutOrientation": "landscape",
  "DocumentLayoutScaleToFit": false,
  "DocumentLayoutMaintainAspectRatio": false,
  "DocumentLayoutLockOrientation": false,
  "ShowStatusBar": false,
  "AppCopilotSchemaName": "",
  "OriginatingVersion": "1.346",
  "DocumentAppType": "DesktopOrTablet",
  "DocumentType": "App",
  "AppCreationSource": "AppFromScreenTemplate",
  "AppDescription": "",
  "ManualOfflineProfileId": "",
  "DefaultConnectedDataSourceMaxGetRowsCount": 2000,
  "ContainsThirdPartyPcfControls": false,
  "ParserErrorCount": 1,
  "BindingErrorCount": 0,
  "ConnectionString": "",
  "EnableInstrumentation": false,
  "ControlCount": {
    "277902a0334c4c1db10636d9251f7b1b": 7,
    "groupContainer": 34,
    "image": 2,
    "label": 45,
    "button": 21,
    "c329ae0fb5a448f4bd89911a511ae9ed": 7,
    "icon": 7,
    "gallery": 3,
    "galleryTemplate": 3,
    "a37ddddccf6c4278b78a7a9e46a1bf1f": 7,
    "c66e9a03d3c24fcf82bc7e89213f3c89": 2,
    "36228599eea64259832cc9e68b4947f7": 3,
    "screen": 9,
    "PowerApps_CoreControls_Toggle": 2,
    "timer": 1,
    "PowerApps_CoreControls_ComboboxCanvas": 1,
    "PowerApps_CoreControls_TextInputCanvas": 6,
    "text": 3,
    "PowerAppsOneGrid": 2,
    "PowerAppsOneGridTemplate_dataField": 9,
    "PowerApps_CoreControls_ButtonCanvas": 1
  },
  "DeserializationLoadTime": 2.6046891,
  "AnalysisLoadTime": 0.9578318
}