{
  "DataSources": [
    {
      "Type": "ServiceInfo",
      "Name": "Office365Users",
      "ServiceKind": "ConnectedWadl",
      "WadlMetadata": {
        "WadlXml": "<application xmlns:xml=\"http://www.w3.org/XML/1998/namespace\" xmlns:xs=\"http://www.w3.org/2001/XMLSchema\" xmlns:service=\"https://3acb80b8-fb42-e05e-b7b4-1ed404e71449.11.common.europe002.azure-apihub.net/apim/office365users\" xmlns:siena=\"http://schemas.microsoft.com/MicrosoftProjectSiena/WADL/2014/11\" siena:serviceId=\"Office365Users\" xmlns=\"http://wadl.dev.java.net/2009/02\"><doc title=\"Office 365 Users\">Office 365 Users Connection provider lets you access user profiles in your organization using your Office 365 account. You can perform various actions such as get your profile, a user's profile, a user's manager or direct reports and also update a user profile.</doc><grammars><jsonTypes targetNamespace=\"https://3acb80b8-fb42-e05e-b7b4-1ed404e71449.11.common.europe002.azure-apihub.net/apim/office365users\" xmlns=\"http://schemas.microsoft.com/MicrosoftProjectSiena/WADL/2014/11\"><string name=\"GraphUserUpdateable_V1_aboutMe_def\" /><dateTimeString name=\"GraphUserUpdateable_V1_birthday_def\" /><string name=\"GraphUserUpdateable_V1_interests_def_items_def\" /><array type=\"string\" name=\"GraphUserUpdateable_V1_interests_def\" /><string name=\"GraphUserUpdateable_V1_mySite_def\" /><string name=\"GraphUserUpdateable_V1_pastProjects_def_items_def\" /><array type=\"string\" name=\"GraphUserUpdateable_V1_pastProjects_def\" /><string name=\"GraphUserUpdateable_V1_schools_def_items_def\" /><array type=\"string\" name=\"GraphUserUpdateable_V1_schools_def\" /><string name=\"GraphUserUpdateable_V1_skills_def_items_def\" /><array type=\"string\" name=\"GraphUserUpdateable_V1_skills_def\" /><object name=\"GraphUserUpdateable_V1\"><property name=\"aboutMe\" type=\"string\" /><property name=\"birthday\" typeRef=\"GraphUserUpdateable_V1_birthday_def\" /><property name=\"interests\" typeRef=\"GraphUserUpdateable_V1_interests_def\" /><property name=\"mySite\" type=\"string\" /><property name=\"pastProjects\" typeRef=\"GraphUserUpdateable_V1_pastProjects_def\" /><property name=\"schools\" typeRef=\"GraphUserUpdateable_V1_schools_def\" /><property name=\"skills\" typeRef=\"GraphUserUpdateable_V1_skills_def\" /></object><string name=\"GraphTrending_id_def\" /><number name=\"GraphTrending_weight_def\" /><array typeRef=\"sensitivityLabelMetadata\" name=\"GraphTrending_sensitivityLabelInfo_def\" /><object name=\"GraphTrending\"><property name=\"id\" type=\"string\" /><property name=\"weight\" type=\"number\" /><property name=\"resourceVisualization\" typeRef=\"resourceVisualization\" /><property name=\"sensitivityLabelInfo\" typeRef=\"GraphTrending_sensitivityLabelInfo_def\" /></object><string name=\"resourceVisualization_title_def\" /><string name=\"resourceVisualization_type_def\" /><string name=\"resourceVisualization_mediaType_def\" /><string name=\"resourceVisualization_previewImageUrl_def\" /><string name=\"resourceVisualization_previewText_def\" /><string name=\"resourceVisualization_containerWebUrl_def\" /><string name=\"resourceVisualization_containerDisplayName_def\" /><string name=\"resourceVisualization_containerType_def\" /><object name=\"resourceVisualization\"><property name=\"title\" type=\"string\" /><property name=\"type\" type=\"string\" /><property name=\"mediaType\" type=\"string\" /><property name=\"previewImageUrl\" type=\"string\" /><property name=\"previewText\" type=\"string\" /><property name=\"containerWebUrl\" type=\"string\" /><property name=\"containerDisplayName\" type=\"string\" /><property name=\"containerType\" type=\"string\" /></object><string name=\"sensitivityLabelMetadata_sensitivityLabelId_def\" /><string name=\"sensitivityLabelMetadata_name_def\" /><string name=\"sensitivityLabelMetadata_displayName_def\" /><string name=\"sensitivityLabelMetadata_tooltip_def\" /><integer name=\"sensitivityLabelMetadata_priority_def\" /><string name=\"sensitivityLabelMetadata_color_def\" /><boolean name=\"sensitivityLabelMetadata_isEncrypted_def\" /><boolean name=\"sensitivityLabelMetadata_isEnabled_def\" /><boolean name=\"sensitivityLabelMetadata_isParent_def\" /><string name=\"sensitivityLabelMetadata_parentSensitivityLabelId_def\" /><object name=\"sensitivityLabelMetadata\"><property name=\"sensitivityLabelId\" type=\"string\" /><property name=\"name\" type=\"string\" /><property name=\"displayName\" type=\"string\" /><property name=\"tooltip\" type=\"string\" /><property name=\"priority\" type=\"integer\" /><property name=\"color\" type=\"string\" /><property name=\"isEncrypted\" type=\"boolean\" /><property name=\"isEnabled\" type=\"boolean\" /><property name=\"isParent\" type=\"boolean\" /><property name=\"parentSensitivityLabelId\" type=\"string\" /></object><array typeRef=\"Person\" name=\"LinklessEntityListResponse_ux5B_List_ux5B_Person_ux5D_ux5D__value_def\" /><object name=\"LinklessEntityListResponse_ux5B_List_ux5B_Person_ux5D_ux5D_\"><property name=\"value\" typeRef=\"LinklessEntityListResponse_ux5B_List_ux5B_Person_ux5D_ux5D__value_def\" /></object><string name=\"Person_id_def\" /><string name=\"Person_displayName_def\" /><string name=\"Person_givenName_def\" /><string name=\"Person_surname_def\" /><string name=\"Person_birthday_def\" /><string name=\"Person_personNotes_def\" /><boolean name=\"Person_isFavorite_def\" /><string name=\"Person_jobTitle_def\" /><string name=\"Person_companyName_def\" /><string name=\"Person_department_def\" /><string name=\"Person_officeLocation_def\" /><string name=\"Person_profession_def\" /><string name=\"Person_userPrincipalName_def\" /><string name=\"Person_imAddress_def\" /><array typeRef=\"ScoredEmailAddress\" name=\"Person_scoredEmailAddresses_def\" /><array typeRef=\"Phone\" name=\"Person_phones_def\" /><object name=\"Person\"><property name=\"id\" type=\"string\" /><property name=\"displayName\" type=\"string\" /><property name=\"givenName\" type=\"string\" /><property name=\"surname\" type=\"string\" /><property name=\"birthday\" type=\"string\" /><property name=\"personNotes\" type=\"string\" /><property name=\"isFavorite\" type=\"boolean\" /><property name=\"jobTitle\" type=\"string\" /><property name=\"companyName\" type=\"string\" /><property name=\"department\" type=\"string\" /><property name=\"officeLocation\" type=\"string\" /><property name=\"profession\" type=\"string\" /><property name=\"userPrincipalName\" type=\"string\" /><property name=\"imAddress\" type=\"string\" /><property name=\"scoredEmailAddresses\" typeRef=\"Person_scoredEmailAddresses_def\" /><property name=\"phones\" typeRef=\"Person_phones_def\" /></object><string name=\"ScoredEmailAddress_address_def\" /><number name=\"ScoredEmailAddress_relevanceScore_def\" /><object name=\"ScoredEmailAddress\"><property name=\"address\" type=\"string\" /><property name=\"relevanceScore\" type=\"number\" /></object><string name=\"Phone_number_def\" /><string name=\"Phone_type_def\" /><object name=\"Phone\"><property name=\"number\" type=\"string\" /><property name=\"type\" type=\"string\" /></object><string name=\"User_Id_def\" /><boolean name=\"User_AccountEnabled_def\" /><string name=\"User_BusinessPhones_def_items_def\" /><array type=\"string\" name=\"User_BusinessPhones_def\" /><string name=\"User_City_def\" /><string name=\"User_CompanyName_def\" /><string name=\"User_Country_def\" /><string name=\"User_Department_def\" /><string name=\"User_DisplayName_def\" /><string name=\"User_GivenName_def\" /><string name=\"User_JobTitle_def\" /><string name=\"User_Mail_def\" /><string name=\"User_MailNickname_def\" /><string name=\"User_mobilePhone_def\" /><string name=\"User_OfficeLocation_def\" /><string name=\"User_PostalCode_def\" /><string name=\"User_Surname_def\" /><string name=\"User_TelephoneNumber_def\" /><string name=\"User_UserPrincipalName_def\" /><object name=\"User\"><property name=\"Id\" type=\"string\" /><property name=\"AccountEnabled\" type=\"boolean\" /><property name=\"BusinessPhones\" typeRef=\"User_BusinessPhones_def\" /><property name=\"City\" type=\"string\" /><property name=\"CompanyName\" type=\"string\" /><property name=\"Country\" type=\"string\" /><property name=\"Department\" type=\"string\" /><property name=\"DisplayName\" type=\"string\" /><property name=\"GivenName\" type=\"string\" /><property name=\"JobTitle\" type=\"string\" /><property name=\"Mail\" type=\"string\" /><property name=\"MailNickname\" type=\"string\" /><property name=\"mobilePhone\" type=\"string\" /><property name=\"OfficeLocation\" type=\"string\" /><property name=\"PostalCode\" type=\"string\" /><property name=\"Surname\" type=\"string\" /><property name=\"TelephoneNumber\" type=\"string\" /><property name=\"UserPrincipalName\" type=\"string\" /></object><boolean name=\"ClientPhotoMetadata_HasPhoto_def\" /><integer name=\"ClientPhotoMetadata_Height_def\" /><integer name=\"ClientPhotoMetadata_Width_def\" /><string name=\"ClientPhotoMetadata_ContentType_def\" /><string name=\"ClientPhotoMetadata_ImageFileExtension_def\" /><object name=\"ClientPhotoMetadata\"><property name=\"HasPhoto\" type=\"boolean\" /><property name=\"Height\" type=\"integer\" /><property name=\"Width\" type=\"integer\" /><property name=\"ContentType\" type=\"string\" /><property name=\"ImageFileExtension\" type=\"string\" /></object><untypedObject name=\"Object\" /><array typeRef=\"User\" name=\"EntityListResponse_ux5B_IReadOnlyList_ux5B_User_ux5D_ux5D__value_def\" /><string name=\"EntityListResponse_ux5B_IReadOnlyList_ux5B_User_ux5D_ux5D___ux40_odata_nextLink_def\" /><object name=\"EntityListResponse_ux5B_IReadOnlyList_ux5B_User_ux5D_ux5D_\"><property name=\"value\" typeRef=\"EntityListResponse_ux5B_IReadOnlyList_ux5B_User_ux5D_ux5D__value_def\" /><property name=\"@odata.nextLink\" type=\"string\" /></object><string name=\"GraphUser_V1_aboutMe_def\" /><boolean name=\"GraphUser_V1_accountEnabled_def\" /><dateTimeString name=\"GraphUser_V1_birthday_def\" /><string name=\"GraphUser_V1_businessPhones_def_items_def\" /><array type=\"string\" name=\"GraphUser_V1_businessPhones_def\" /><string name=\"GraphUser_V1_city_def\" /><string name=\"GraphUser_V1_companyName_def\" /><string name=\"GraphUser_V1_country_def\" /><string name=\"GraphUser_V1_department_def\" /><string name=\"GraphUser_V1_displayName_def\" /><string name=\"GraphUser_V1_givenName_def\" /><dateTimeString name=\"GraphUser_V1_hireDate_def\" /><string name=\"GraphUser_V1_id_def\" /><string name=\"GraphUser_V1_interests_def_items_def\" /><array type=\"string\" name=\"GraphUser_V1_interests_def\" /><string name=\"GraphUser_V1_jobTitle_def\" /><string name=\"GraphUser_V1_mail_def\" /><string name=\"GraphUser_V1_mailNickname_def\" /><string name=\"GraphUser_V1_mobilePhone_def\" /><string name=\"GraphUser_V1_mySite_def\" /><string name=\"GraphUser_V1_officeLocation_def\" /><string name=\"GraphUser_V1_pastProjects_def_items_def\" /><array type=\"string\" name=\"GraphUser_V1_pastProjects_def\" /><string name=\"GraphUser_V1_postalCode_def\" /><string name=\"GraphUser_V1_preferredLanguage_def\" /><string name=\"GraphUser_V1_preferredName_def\" /><string name=\"GraphUser_V1_responsibilities_def_items_def\" /><array type=\"string\" name=\"GraphUser_V1_responsibilities_def\" /><string name=\"GraphUser_V1_schools_def_items_def\" /><array type=\"string\" name=\"GraphUser_V1_schools_def\" /><string name=\"GraphUser_V1_skills_def_items_def\" /><array type=\"string\" name=\"GraphUser_V1_skills_def\" /><string name=\"GraphUser_V1_state_def\" /><string name=\"GraphUser_V1_streetAddress_def\" /><string name=\"GraphUser_V1_surname_def\" /><string name=\"GraphUser_V1_userPrincipalName_def\" /><string name=\"GraphUser_V1_userType_def\" /><object name=\"GraphUser_V1\"><property name=\"aboutMe\" type=\"string\" /><property name=\"accountEnabled\" type=\"boolean\" /><property name=\"birthday\" typeRef=\"GraphUser_V1_birthday_def\" /><property name=\"businessPhones\" typeRef=\"GraphUser_V1_businessPhones_def\" /><property name=\"city\" type=\"string\" /><property name=\"companyName\" type=\"string\" /><property name=\"country\" type=\"string\" /><property name=\"department\" type=\"string\" /><property name=\"displayName\" type=\"string\" /><property name=\"givenName\" type=\"string\" /><property name=\"hireDate\" typeRef=\"GraphUser_V1_hireDate_def\" /><property name=\"id\" type=\"string\" /><property name=\"interests\" typeRef=\"GraphUser_V1_interests_def\" /><property name=\"jobTitle\" type=\"string\" /><property name=\"mail\" type=\"string\" /><property name=\"mailNickname\" type=\"string\" /><property name=\"mobilePhone\" type=\"string\" /><property name=\"mySite\" type=\"string\" /><property name=\"officeLocation\" type=\"string\" /><property name=\"pastProjects\" typeRef=\"GraphUser_V1_pastProjects_def\" /><property name=\"postalCode\" type=\"string\" /><property name=\"preferredLanguage\" type=\"string\" /><property name=\"preferredName\" type=\"string\" /><property name=\"responsibilities\" typeRef=\"GraphUser_V1_responsibilities_def\" /><property name=\"schools\" typeRef=\"GraphUser_V1_schools_def\" /><property name=\"skills\" typeRef=\"GraphUser_V1_skills_def\" /><property name=\"state\" type=\"string\" /><property name=\"streetAddress\" type=\"string\" /><property name=\"surname\" type=\"string\" /><property name=\"userPrincipalName\" type=\"string\" /><property name=\"userType\" type=\"string\" /></object><untypedObject name=\"ObjectWithoutType\" /><string name=\"UpdateMyPhoto_param_body_def\" /><array typeRef=\"GraphTrending\" name=\"MyTrendingDocuments_responses_200_def_value_def\" /><object name=\"MyTrendingDocuments_responses_200_def\"><property name=\"value\" typeRef=\"MyTrendingDocuments_responses_200_def_value_def\" /></object><string name=\"UserPhoto_responses_200_def\" /><array typeRef=\"User\" name=\"DirectReports_responses_200_def\" /><array typeRef=\"User\" name=\"SearchUser_responses_200_def\" /><array typeRef=\"GraphUser_V1\" name=\"DirectReports_V2_responses_200_def_value_def\" /><object name=\"DirectReports_V2_responses_200_def\"><property name=\"value\" typeRef=\"DirectReports_V2_responses_200_def_value_def\" /></object><string name=\"UserPhoto_V2_responses_200_def\" /><array typeRef=\"GraphTrending\" name=\"TrendingDocuments_responses_200_def_value_def\" /><object name=\"TrendingDocuments_responses_200_def\"><property name=\"value\" typeRef=\"TrendingDocuments_responses_200_def_value_def\" /></object><string name=\"HttpRequest_param_Body_def\" /></jsonTypes></grammars><resources siena:authenticationProviderHref=\"#PowerAppAuth\" base=\"https://3acb80b8-fb42-e05e-b7b4-1ed404e71449.11.common.europe002.azure-apihub.net/apim/office365users\"><resource path=\"/{connectionId}/codeless/v1.0/me\"><param style=\"template\" name=\"connectionId\" type=\"xs:string\" required=\"true\" /><method siena:requiresAuthentication=\"true\" name=\"PATCH\" id=\"UpdateMyProfile\" actionName=\"UpdateMyProfile\" visibility=\"advanced\" siena:isDeprecated=\"false\" siena:status=\"Production\"><doc title=\"Update my profile&#xA;Updates the profile of the current user\" /><request><representation mediaType=\"application/json\"><param style=\"plain\" name=\"aboutMe\" path=\"/aboutMe\" type=\"xs:string\" /><param style=\"plain\" name=\"birthday\" path=\"/birthday\" type=\"service:GraphUserUpdateable_V1_birthday_def\" /><param style=\"plain\" name=\"interests\" path=\"/interests\" type=\"service:GraphUserUpdateable_V1_interests_def\" /><param style=\"plain\" name=\"mySite\" path=\"/mySite\" type=\"xs:string\" /><param style=\"plain\" name=\"pastProjects\" path=\"/pastProjects\" type=\"service:GraphUserUpdateable_V1_pastProjects_def\" /><param style=\"plain\" name=\"schools\" path=\"/schools\" type=\"service:GraphUserUpdateable_V1_schools_def\" /><param style=\"plain\" name=\"skills\" path=\"/skills\" type=\"service:GraphUserUpdateable_V1_skills_def\" /></representation></request></method></resource><resource path=\"/{connectionId}/codeless/v1.0/me\"><param style=\"template\" name=\"connectionId\" type=\"xs:string\" required=\"true\" /><method siena:requiresAuthentication=\"true\" name=\"GET\" id=\"MyProfileV2\" actionName=\"MyProfile_V2\" siena:isDeprecated=\"false\" siena:family=\"MyProfile\" siena:revision=\"2\" siena:status=\"Production\"><doc title=\"Get my profile (V2)&#xA;Retrieves the profile of the current user. Learn more about available fields to select: https://developer.microsoft.com/en-us/graph/docs/api-reference/v1.0/resources/user#properties\" /><request><param style=\"query\" name=\"$select\" type=\"xs:string\"><doc title=\"Comma separated list of fields to select. Example: surname, department, jobTitle\" /></param></request><response><representation mediaType=\"application/json\" element=\"service:GraphUser_V1\" /></response></method></resource><resource path=\"/{connectionId}/codeless/v1.0/me/photo/$value\"><param style=\"template\" name=\"connectionId\" type=\"xs:string\" required=\"true\" /><method siena:requiresAuthentication=\"true\" name=\"PUT\" id=\"UpdateMyPhoto\" actionName=\"UpdateMyPhoto\" visibility=\"advanced\" siena:isDeprecated=\"false\" siena:status=\"Production\"><doc title=\"Update my profile photo&#xA;Updates the profile photo of the current user. The size of the photo must be less than 4 MB.\" /><request><param style=\"header\" name=\"Content-Type\" type=\"xs:string\" required=\"true\" default=\"image/jpeg\"><doc title=\"Image content type (like 'image/jpeg')\" /></param><representation mediaType=\"application/octet-stream\" /></request></method></resource><resource path=\"/{connectionId}/codeless/beta/me/insights/trending\"><param style=\"template\" name=\"connectionId\" type=\"xs:string\" required=\"true\" /><method siena:requiresAuthentication=\"true\" name=\"GET\" id=\"MyTrendingDocuments\" actionName=\"MyTrendingDocuments\" siena:isDeprecated=\"false\"><doc title=\"Get my trending documents&#xA;Retrieves the trending documents for the signed in user\" /><request><param style=\"query\" name=\"$filter\" type=\"xs:string\"><doc title=\"An OData filter to filter the resources selected. Filter selected resources on ResourceVisualization/Type or ResourceVisualization/containerType\" /></param><param style=\"query\" name=\"extractSensitivityLabel\" type=\"xs:boolean\"><doc title=\"Select if you want to extract Sensitivity label ( false, true).\" /></param><param style=\"query\" name=\"fetchSensitivityLabelMetadata\" type=\"xs:boolean\"><doc title=\"A boolean whether to fetch sensitivity label Metadata for associated LabelId.\" /></param></request><response><representation mediaType=\"application/json\" element=\"service:MyTrendingDocuments_responses_200_def\" /></response></method></resource><resource path=\"/{connectionId}/users/{userId}/relevantpeople\"><param style=\"template\" name=\"connectionId\" type=\"xs:string\" required=\"true\" /><param style=\"template\" name=\"userId\" type=\"xs:string\" required=\"true\"><doc title=\"User principal name or id.\" /></param><method siena:requiresAuthentication=\"true\" name=\"GET\" id=\"RelevantPeople\" actionName=\"RelevantPeople\" visibility=\"advanced\" siena:isDeprecated=\"false\"><doc title=\"Get relevant people&#xA;Get relevant people.\" /><request /><response><representation mediaType=\"application/json\" element=\"service:LinklessEntityListResponse_ux5B_List_ux5B_Person_ux5D_ux5D_\" /></response></method></resource><resource path=\"/{connectionId}/users/me\"><param style=\"template\" name=\"connectionId\" type=\"xs:string\" required=\"true\" /><method siena:requiresAuthentication=\"true\" name=\"GET\" id=\"MyProfile\" actionName=\"MyProfile\" visibility=\"advanced\" siena:isDeprecated=\"true\" siena:family=\"MyProfile\" siena:revision=\"1\" siena:status=\"Production\"><doc title=\"Get my profile (V1)&#xA;Retrieves the profile of the current user.\" /><request /><response><representation mediaType=\"application/json\" element=\"service:User\" /></response></method></resource><resource path=\"/{connectionId}/users/{userId}\"><param style=\"template\" name=\"connectionId\" type=\"xs:string\" required=\"true\" /><param style=\"template\" name=\"userId\" type=\"xs:string\" required=\"true\"><doc title=\"User principal name or id.\" /></param><method siena:requiresAuthentication=\"true\" name=\"GET\" id=\"UserProfile\" actionName=\"UserProfile\" visibility=\"advanced\" siena:isDeprecated=\"true\" siena:family=\"UserProfile\" siena:revision=\"1\" siena:status=\"Production\"><doc title=\"Get user profile (V1)&#xA;Retrieves the profile of a specific user.\" /><request /><response><representation mediaType=\"application/json\" element=\"service:User\" /></response></method></resource><resource path=\"/{connectionId}/users/photo\"><param style=\"template\" name=\"connectionId\" type=\"xs:string\" required=\"true\" /><method siena:requiresAuthentication=\"true\" name=\"GET\" id=\"UserPhotoMetadata\" actionName=\"UserPhotoMetadata\" siena:isDeprecated=\"false\"><doc title=\"Get user photo metadata&#xA;Get user photo metadata.\" /><request><param style=\"query\" name=\"userId\" type=\"xs:string\" required=\"true\"><doc title=\"User principal name or id.\" /></param></request><response><representation mediaType=\"application/json\" element=\"service:ClientPhotoMetadata\" /></response></method></resource><resource path=\"/{connectionId}/users/photo/value\"><param style=\"template\" name=\"connectionId\" type=\"xs:string\" required=\"true\" /><method siena:requiresAuthentication=\"true\" name=\"GET\" id=\"UserPhoto\" actionName=\"UserPhoto\" visibility=\"advanced\" siena:isDeprecated=\"true\" siena:family=\"UserPhoto\" siena:revision=\"1\" siena:status=\"Production\"><doc title=\"Get user photo (V1)&#xA;Retrieves the photo of the specified user if they have one.\" /><request><param style=\"query\" name=\"userId\" type=\"xs:string\" required=\"true\"><doc title=\"User principal name or id.\" /></param></request><response><representation mediaType=\"application/octet-stream\" siena:dtype=\"image\" /></response></method></resource><resource path=\"/{connectionId}/users/{userId}/manager\"><param style=\"template\" name=\"connectionId\" type=\"xs:string\" required=\"true\" /><param style=\"template\" name=\"userId\" type=\"xs:string\" required=\"true\"><doc title=\"User principal name or id.\" /></param><method siena:requiresAuthentication=\"true\" name=\"GET\" id=\"Manager\" actionName=\"Manager\" visibility=\"advanced\" siena:isDeprecated=\"true\" siena:family=\"Manager\" siena:revision=\"1\" siena:status=\"Production\"><doc title=\"Get manager (V1)&#xA;Retrieves the profile of the specified user's manager.\" /><request /><response><representation mediaType=\"application/json\" element=\"service:User\" /></response></method></resource><resource path=\"/{connectionId}/users/{userId}/directReports\"><param style=\"template\" name=\"connectionId\" type=\"xs:string\" required=\"true\" /><param style=\"template\" name=\"userId\" type=\"xs:string\" required=\"true\"><doc title=\"User principal name or id.\" /></param><method siena:requiresAuthentication=\"true\" name=\"GET\" id=\"DirectReports\" actionName=\"DirectReports\" visibility=\"advanced\" siena:isDeprecated=\"true\" siena:family=\"DirectReports\" siena:revision=\"1\" siena:status=\"Production\"><doc title=\"Get direct reports (V1)&#xA;Retrieves the user profiles of the specified user's direct reports.\" /><request /><response><representation mediaType=\"application/json\" element=\"service:DirectReports_responses_200_def\" /></response></method></resource><resource path=\"/{connectionId}/users\"><param style=\"template\" name=\"connectionId\" type=\"xs:string\" required=\"true\" /><method siena:requiresAuthentication=\"true\" name=\"GET\" id=\"SearchUser\" actionName=\"SearchUser\" visibility=\"advanced\" siena:isDeprecated=\"true\" siena:family=\"SearchUser\" siena:revision=\"1\" siena:status=\"Production\"><doc title=\"Search for users&#xA;Retrieves the user profiles that match the search term.\" /><request><param style=\"query\" name=\"searchTerm\" type=\"xs:string\"><doc title=\"Search string (applies to: display name, given name, surname, mail, mail nickname and user principal name).\" /></param><param style=\"query\" name=\"top\" type=\"xs:int\" default=\"0\"><doc title=\"Limit on the number of results to return. By default returns all entries.\" /></param></request><response><representation mediaType=\"application/json\" element=\"service:SearchUser_responses_200_def\" /></response></method></resource><resource path=\"/{connectionId}/v2/users\"><param style=\"template\" name=\"connectionId\" type=\"xs:string\" required=\"true\" /><method siena:requiresAuthentication=\"true\" name=\"GET\" id=\"SearchUserV2\" actionName=\"SearchUserV2\" visibility=\"advanced\" siena:isDeprecated=\"false\" siena:family=\"SearchUser\" siena:revision=\"2\" siena:status=\"Production\"><doc title=\"Search for users (V2)&#xA;Retrieves the user profiles that match the search term (V2).\" /><request><param style=\"query\" name=\"searchTerm\" type=\"xs:string\"><doc title=\"Search string (applies to: display name, given name, surname, mail, mail nickname and user principal name).\" /></param><param style=\"query\" name=\"top\" type=\"xs:int\"><doc title=\"Limit on the number of results to return. Minimum value is 1. Default value is 1000.\" /></param><param style=\"query\" name=\"isSearchTermRequired\" type=\"xs:boolean\" default=\"true\"><doc title=\"If set to 'Yes' then no user profiles will be returned when the search term is empty. If set to 'No' then no filtering will be applied when the search term is empty.\" /></param><param style=\"query\" name=\"skipToken\" type=\"xs:string\"><doc title=\"Skip token to get next users.\" /></param></request><response><representation mediaType=\"application/json\" element=\"service:EntityListResponse_ux5B_IReadOnlyList_ux5B_User_ux5D_ux5D_\" /></response></method></resource><resource path=\"/{connectionId}/codeless/v1.0/users/{id}\"><param style=\"template\" name=\"connectionId\" type=\"xs:string\" required=\"true\" /><param style=\"template\" name=\"id\" type=\"xs:string\" required=\"true\"><doc title=\"User principal name or id.\" /></param><method siena:requiresAuthentication=\"true\" name=\"GET\" id=\"UserProfileV2\" actionName=\"UserProfile_V2\" siena:isDeprecated=\"false\" siena:family=\"UserProfile\" siena:revision=\"2\" siena:status=\"Production\"><doc title=\"Get user profile (V2)&#xA;Retrieves the profile of a specific user. Learn more about available fields to select: https://developer.microsoft.com/en-us/graph/docs/api-reference/v1.0/resources/user#properties\" /><request><param style=\"query\" name=\"$select\" type=\"xs:string\"><doc title=\"Comma separated list of fields to select. Example: surname, department, jobTitle\" /></param></request><response><representation mediaType=\"application/json\" element=\"service:GraphUser_V1\" /></response></method></resource><resource path=\"/{connectionId}/codeless/v1.0/users/{id}/manager\"><param style=\"template\" name=\"connectionId\" type=\"xs:string\" required=\"true\" /><param style=\"template\" name=\"id\" type=\"xs:string\" required=\"true\"><doc title=\"User principal name or id.\" /></param><method siena:requiresAuthentication=\"true\" name=\"GET\" id=\"ManagerV2\" actionName=\"Manager_V2\" siena:isDeprecated=\"false\" siena:family=\"Manager\" siena:revision=\"2\" siena:status=\"Production\"><doc title=\"Get manager (V2)&#xA;Retrieves the profile of the specified user's manager. Learn more about available fields to select: https://developer.microsoft.com/en-us/graph/docs/api-reference/v1.0/resources/user#properties\" /><request><param style=\"query\" name=\"$select\" type=\"xs:string\"><doc title=\"Comma separated list of fields to select. Example: surname, department, jobTitle\" /></param></request><response><representation mediaType=\"application/json\" element=\"service:GraphUser_V1\" /></response></method></resource><resource path=\"/{connectionId}/codeless/v1.0/users/{id}/directReports\"><param style=\"template\" name=\"connectionId\" type=\"xs:string\" required=\"true\" /><param style=\"template\" name=\"id\" type=\"xs:string\" required=\"true\"><doc title=\"User principal name or id.\" /></param><method siena:requiresAuthentication=\"true\" name=\"GET\" id=\"DirectReportsV2\" actionName=\"DirectReports_V2\" siena:isDeprecated=\"false\" siena:family=\"DirectReports\" siena:revision=\"2\" siena:status=\"Production\"><doc title=\"Get direct reports (V2)&#xA;Retrieves the user profiles of the specified user's direct reports. Learn more about available fields to select: https://developer.microsoft.com/en-us/graph/docs/api-reference/v1.0/resources/user#properties\" /><request><param style=\"query\" name=\"$select\" type=\"xs:string\"><doc title=\"Comma separated list of fields to select. Example: surname, department, jobTitle\" /></param><param style=\"query\" name=\"$top\" type=\"xs:int\"><doc title=\"Limit on the number of results to return. By default returns all entries.\" /></param></request><response><representation mediaType=\"application/json\" element=\"service:DirectReports_V2_responses_200_def\" /></response></method></resource><resource path=\"/{connectionId}/codeless/v1.0/users/{id}/photo/$value\"><param style=\"template\" name=\"connectionId\" type=\"xs:string\" required=\"true\" /><param style=\"template\" name=\"id\" type=\"xs:string\" required=\"true\"><doc title=\"User principal name or id.\" /></param><method siena:requiresAuthentication=\"true\" name=\"GET\" id=\"UserPhotoV2\" actionName=\"UserPhoto_V2\" siena:isDeprecated=\"false\" siena:family=\"UserPhoto\" siena:revision=\"2\" siena:status=\"Production\"><doc title=\"Get user photo (V2)&#xA;Retrieves the photo of the specified user if they have one\" /><request /><response><representation mediaType=\"application/octet-stream\" siena:dtype=\"image\" /></response></method></resource><resource path=\"/{connectionId}/codeless/beta/users/{id}/insights/trending\"><param style=\"template\" name=\"connectionId\" type=\"xs:string\" required=\"true\" /><param style=\"template\" name=\"id\" type=\"xs:string\" required=\"true\"><doc title=\"User principal name or id.\" /></param><method siena:requiresAuthentication=\"true\" name=\"GET\" id=\"TrendingDocuments\" actionName=\"TrendingDocuments\" siena:isDeprecated=\"false\"><doc title=\"Get trending documents&#xA;Retrieves the trending documents for a user\" /><request><param style=\"query\" name=\"$filter\" type=\"xs:string\"><doc title=\"An OData filter to filter the resources selected. Filter selected resources on ResourceVisualization/Type or ResourceVisualization/containerType\" /></param><param style=\"query\" name=\"extractSensitivityLabel\" type=\"xs:boolean\"><doc title=\"Select if you want to extract Sensitivity label ( false, true).\" /></param><param style=\"query\" name=\"fetchSensitivityLabelMetadata\" type=\"xs:boolean\"><doc title=\"A boolean whether to fetch sensitivity label Metadata for associated LabelId.\" /></param></request><response><representation mediaType=\"application/json\" element=\"service:TrendingDocuments_responses_200_def\" /></response></method></resource><resource path=\"/{connectionId}/codeless/httprequest\"><param style=\"template\" name=\"connectionId\" type=\"xs:string\" required=\"true\" /><method siena:requiresAuthentication=\"true\" name=\"POST\" id=\"HttpRequest\" actionName=\"HttpRequest\" visibility=\"important\" siena:isDeprecated=\"false\" siena:status=\"Production\"><doc title=\"Send an HTTP request&#xA;Construct a Microsoft Graph REST API request to invoke. These segments are supported: 1st segement: /me, /users/&lt;userId&gt; 2nd segment: messages, mailFolders, events, calendar, calendars, outlook, inferenceClassification. Learn more: https://docs.microsoft.com/en-us/graph/use-the-api.\" /><request><param style=\"header\" name=\"Uri\" type=\"xs:string\" required=\"true\"><doc title=\"The full or relative URI. Example: https://graph.microsoft.com/{version}/{resource}.\" /></param><param style=\"header\" name=\"Method\" type=\"xs:string\" required=\"true\" default=\"GET\"><doc title=\"The HTTP method (default is GET).\" /><option value=\"GET\" /><option value=\"POST\" /><option value=\"PUT\" /><option value=\"PATCH\" /><option value=\"DELETE\" /></param><param style=\"header\" name=\"ContentType\" type=\"xs:string\" default=\"application/json\"><doc title=\"The content-type header for the body (default is application/json).\" /></param><param style=\"header\" name=\"CustomHeader1\" type=\"xs:string\"><doc title=\"Custom header 1. Specify in format: header-name: header-value\" /></param><param style=\"header\" name=\"CustomHeader2\" type=\"xs:string\"><doc title=\"Custom header 2. Specify in format: header-name: header-value\" /></param><param style=\"header\" name=\"CustomHeader3\" type=\"xs:string\"><doc title=\"Custom header 3. Specify in format: header-name: header-value\" /></param><param style=\"header\" name=\"CustomHeader4\" type=\"xs:string\"><doc title=\"Custom header 4. Specify in format: header-name: header-value\" /></param><param style=\"header\" name=\"CustomHeader5\" type=\"xs:string\"><doc title=\"Custom header 5. Specify in format: header-name: header-value\" /></param><representation mediaType=\"application/octet-stream\" /></request><response><representation mediaType=\"application/json\" element=\"service:ObjectWithoutType\" /></response></method></resource></resources><authenticationProviders xmlns=\"http://schemas.microsoft.com/MicrosoftProjectSiena/WADL/2014/11\"><connectionProvider id=\"PowerAppAuth\" siena:connectionProviderId=\"shared_office365users\" /></authenticationProviders><template xmlns=\"http://schemas.microsoft.com/MicrosoftProjectSiena/WADL/2014/11\"><variable name=\"connectionId\"><modifyParams style=\"template\" name=\"connectionId\" attribute=\"fixed\" /></variable></template></application>"
      },
      "ApiId": "/providers/microsoft.powerapps/apis/shared_office365users"
    },
    {
      "Name": "CustomGallerySample",
      "Schema": "*[SampleHeading:s, SampleImage:i, SampleText:s]",
      "IsSampleData": true,
      "IsWritable": false,
      "Type": "StaticDataSourceInfo",
      "OriginalSchema": "*[SampleHeading:s, SampleImage:i, SampleText:s]",
      "Data": "[{\"SampleHeading\":\"Lorem ipsum 1\",\"SampleImage\":\"/ctrllib/image/images/SampleImage.svg\",\"SampleText\":\"Lorem ipsum dolor sit amet, consectetur adipiscing elit.\"},{\"SampleHeading\":\"Lorem ipsum 2\",\"SampleImage\":\"/ctrllib/image/images/SampleImage.svg\",\"SampleText\":\"Suspendisse enim metus, tincidunt quis lobortis a, fringilla dignissim neque.\"},{\"SampleHeading\":\"Lorem ipsum 3\",\"SampleImage\":\"/ctrllib/image/images/SampleImage.svg\",\"SampleText\":\"Ut pharetra a dolor ac vehicula.\"},{\"SampleHeading\":\"Lorem ipsum 4\",\"SampleImage\":\"/ctrllib/image/images/SampleImage.svg\",\"SampleText\":\"Vestibulum dui felis, fringilla nec mi sed, tristique dictum nisi.\"}]",
      "OriginalName": "CustomGallerySample",
      "OrderedColumnNames": [
        "SampleImage",
        "SampleHeading",
        "SampleText"
      ]
    },
    {
      "Name": "TbUsuarios",
      "IsSampleData": false,
      "IsWritable": true,
      "Type": "ConnectedDataSourceInfo",
      "DatasetName": "https://universidadmag.sharepoint.com/sites/DesarrolloSoftware",
      "TableName": "ec84fbad-dc97-44af-9843-77364b65ae1d",
      "ApiId": "/providers/microsoft.powerapps/apis/shared_sharepointonline",
      "EncodeDataset": true,
      "CdpRevision": {
        "RevisionNumber": 1,
        "BaseUrl": "/",
        "LastChangedTimeString": "2025-08-07T20:03:34.0270000Z"
      },
      "DataEntityMetadataJson": {
        "ec84fbad-dc97-44af-9843-77364b65ae1d": "{\"name\":\"ec84fbad-dc97-44af-9843-77364b65ae1d\",\"title\":\"TbUsuarios\",\"x-ms-permission\":\"read-write\",\"x-ms-capabilities\":{\"sortRestrictions\":{\"sortable\":true,\"unsortableProperties\":[\"{Identifier}\",\"{IsFolder}\",\"{Thumbnail}\",\"{Link}\",\"{Name}\",\"{FilenameWithExtension}\",\"{Path}\",\"{FullPath}\",\"{ModerationStatus}\",\"{ModerationComment}\",\"{ContentType}\",\"{HasAttachments}\",\"{Attachments}\",\"{VersionNumber}\",\"{TriggerWindowStartToken}\",\"{TriggerWindowEndToken}\"]},\"filterRestrictions\":{\"filterable\":true,\"nonFilterableProperties\":[\"{Identifier}\",\"{IsFolder}\",\"{Thumbnail}\",\"{Link}\",\"{Name}\",\"{FilenameWithExtension}\",\"{Path}\",\"{FullPath}\",\"{ModerationStatus}\",\"{ModerationComment}\",\"{ContentType}\",\"{HasAttachments}\",\"{Attachments}\",\"{VersionNumber}\",\"{TriggerWindowStartToken}\",\"{TriggerWindowEndToken}\"]},\"isOnlyServerPagable\":true,\"filterFunctionSupport\":[\"and\",\"or\",\"eq\",\"startswith\",\"gt\",\"ge\",\"lt\",\"le\",\"ne\"],\"serverPagingOptions\":[\"top\",\"skiptoken\"],\"odataVersion\":3},\"schema\":{\"type\":\"array\",\"items\":{\"type\":\"object\",\"required\":[\"NombreUsuario\",\"Correo\",\"TipoUsuario\"],\"properties\":{\"ID\":{\"title\":\"ID\",\"description\":\"List item id. Use this value for specifying the item to act on in other list related actions.\",\"type\":\"integer\",\"format\":\"int64\",\"x-ms-keyType\":\"primary\",\"x-ms-keyOrder\":1,\"x-ms-permission\":\"read-only\",\"x-ms-sort\":\"asc,desc\",\"x-ms-capabilities\":{\"filterFunctions\":[\"eq\"]}},\"Title\":{\"title\":\"Title\",\"type\":\"string\",\"x-ms-permission\":\"read-write\",\"x-ms-sort\":\"asc,desc\",\"x-ms-capabilities\":{\"filterFunctions\":[\"eq\",\"startswith\"]},\"maxLength\":255},\"NombreUsuario\":{\"title\":\"NombreUsuario\",\"type\":\"string\",\"x-ms-permission\":\"read-write\",\"x-ms-sort\":\"asc,desc\",\"x-ms-capabilities\":{\"filterFunctions\":[\"eq\",\"startswith\"]},\"maxLength\":150},\"Correo\":{\"title\":\"Correo\",\"type\":\"string\",\"x-ms-permission\":\"read-write\",\"x-ms-sort\":\"asc,desc\",\"x-ms-capabilities\":{\"filterFunctions\":[\"eq\",\"startswith\"]},\"maxLength\":255},\"TipoUsuario#Id\":{\"title\":\"TipoUsuario Id\",\"type\":\"integer\",\"format\":\"int64\",\"x-ms-permission\":\"read-only\",\"x-ms-visibility\":\"internal\"},\"TipoUsuario\":{\"title\":\"TipoUsuario\",\"type\":\"object\",\"x-ms-permission\":\"read-write\",\"x-ms-sort\":\"asc,desc\",\"x-ms-capabilities\":{\"x-ms-sp\":{\"IsChoice\":true},\"filterFunctions\":[\"eq\"]},\"properties\":{\"@odata.type\":{\"title\":\"@odata.type\",\"x-ms-visibility\":\"internal\",\"type\":\"string\",\"x-ms-permission\":\"read-write\"},\"Value\":{\"title\":\"Value\",\"type\":\"string\",\"x-ms-dynamic-values\":{\"operationId\":\"GetEntityValues\",\"parameters\":{\"dataset\":{\"parameter\":\"dataset\"},\"table\":{\"parameter\":\"table\"},\"id\":\"8d3b014c-bfb4-4d4b-b095-59bac06794fd\"},\"value-path\":\"Value\",\"value-title\":\"Value\",\"value-collection\":\"value\"}},\"Id\":{\"title\":\"Id\",\"type\":\"integer\",\"format\":\"int64\",\"x-ms-visibility\":\"internal\",\"x-ms-permission\":\"read-only\"}},\"x-ms-displayFormat\":{\"titleProperty\":\"Value\"}},\"Notificaciones\":{\"title\":\"Notificaciones\",\"type\":\"string\",\"x-ms-permission\":\"read-write\",\"x-ms-sort\":\"asc,desc\",\"x-ms-capabilities\":{\"filterFunctions\":[\"eq\",\"startswith\"]},\"maxLength\":255},\"OData__ColorTag\":{\"title\":\"Color Tag\",\"type\":\"string\",\"x-ms-permission\":\"read-only\",\"x-ms-sort\":\"asc,desc\",\"x-ms-capabilities\":{\"filterFunctions\":[\"eq\",\"startswith\"]},\"maxLength\":255},\"ComplianceAssetId\":{\"title\":\"Compliance Asset Id\",\"type\":\"string\",\"x-ms-permission\":\"read-only\",\"x-ms-sort\":\"asc,desc\",\"x-ms-capabilities\":{\"filterFunctions\":[\"eq\",\"startswith\"]},\"maxLength\":255},\"Modified\":{\"title\":\"Modified\",\"description\":\"When this item was last changed.\",\"type\":\"string\",\"format\":\"date-time\",\"x-ms-permission\":\"read-only\",\"x-ms-sort\":\"asc,desc\",\"x-ms-capabilities\":{\"filterFunctions\":[\"eq\",\"gt\",\"ge\",\"lt\",\"le\",\"ne\"]}},\"Created\":{\"title\":\"Created\",\"description\":\"When this item was created.\",\"type\":\"string\",\"format\":\"date-time\",\"x-ms-permission\":\"read-only\",\"x-ms-sort\":\"asc,desc\",\"x-ms-capabilities\":{\"filterFunctions\":[\"eq\",\"gt\",\"ge\",\"lt\",\"le\",\"ne\"]}},\"Author#Claims\":{\"title\":\"Created By Claims\",\"type\":\"string\",\"description\":\"Internal identifier for the user who created this item.\",\"x-ms-permission\":\"read-only\",\"x-ms-visibility\":\"internal\"},\"Author\":{\"title\":\"Created By\",\"description\":\"The user who created this item.\",\"type\":\"object\",\"x-ms-permission\":\"read-only\",\"x-ms-sort\":\"asc,desc\",\"x-ms-capabilities\":{\"filterFunctions\":[\"eq\"]},\"properties\":{\"@odata.type\":{\"title\":\"@odata.type\",\"x-ms-visibility\":\"internal\",\"type\":\"string\",\"x-ms-permission\":\"read-only\"},\"Claims\":{\"title\":\"Claims\",\"type\":\"string\",\"description\":\"Internal identifier for the user who created this item.\",\"x-ms-permission\":\"read-only\",\"x-ms-dynamic-values\":{\"operationId\":\"GetEntityValues\",\"parameters\":{\"dataset\":{\"parameter\":\"dataset\"},\"table\":{\"parameter\":\"table\"},\"id\":\"1df5e554-ec7e-46a6-901d-d85a3881cb18\"},\"value-path\":\"Claims\",\"value-title\":\"DisplayName\",\"value-collection\":\"value\"}},\"DisplayName\":{\"title\":\"DisplayName\",\"type\":\"string\",\"description\":\"The name of the user who created this item.\",\"x-ms-permission\":\"read-only\",\"x-ms-capabilities\":{\"x-ms-sp\":{\"OdataQueryName\":\"Title\"},\"filterFunctions\":[\"eq\",\"startswith\"]}},\"Email\":{\"title\":\"Email\",\"type\":\"string\",\"description\":\"Email address of the user who created this item.\",\"format\":\"email\",\"x-ms-permission\":\"read-only\",\"x-ms-capabilities\":{\"x-ms-sp\":{\"OdataQueryName\":\"EMail\"},\"filterFunctions\":[\"eq\",\"startswith\"]}},\"Picture\":{\"title\":\"Picture\",\"type\":\"string\",\"description\":\"Link to a picture of the user who created this item.\",\"format\":\"uri\",\"x-ms-media-kind\":\"image\",\"x-ms-media-default-folder-path\":\"/sites/DesarrolloSoftware\",\"x-ms-media-base-url\":\"https://universidadmag.sharepoint.com/sites/DesarrolloSoftware\",\"x-ms-permission\":\"read-only\"},\"Department\":{\"title\":\"Department\",\"type\":\"string\",\"description\":\"Department name of the user who created this item.\",\"x-ms-permission\":\"read-only\"},\"JobTitle\":{\"title\":\"JobTitle\",\"type\":\"string\",\"description\":\"Job title of the user who created this item.\",\"x-ms-permission\":\"read-only\"}},\"x-ms-displayFormat\":{\"titleProperty\":\"DisplayName\",\"subtitleProperty\":\"Email\",\"thumbnailProperty\":\"Picture\"}},\"Editor#Claims\":{\"title\":\"Modified By Claims\",\"type\":\"string\",\"description\":\"Internal identifier for the user who last changed this item.\",\"x-ms-permission\":\"read-only\",\"x-ms-visibility\":\"internal\"},\"Editor\":{\"title\":\"Modified By\",\"description\":\"The user who last changed this item.\",\"type\":\"object\",\"x-ms-permission\":\"read-only\",\"x-ms-sort\":\"asc,desc\",\"x-ms-capabilities\":{\"filterFunctions\":[\"eq\"]},\"properties\":{\"@odata.type\":{\"title\":\"@odata.type\",\"x-ms-visibility\":\"internal\",\"type\":\"string\",\"x-ms-permission\":\"read-only\"},\"Claims\":{\"title\":\"Claims\",\"type\":\"string\",\"description\":\"Internal identifier for the user who last changed this item.\",\"x-ms-permission\":\"read-only\",\"x-ms-dynamic-values\":{\"operationId\":\"GetEntityValues\",\"parameters\":{\"dataset\":{\"parameter\":\"dataset\"},\"table\":{\"parameter\":\"table\"},\"id\":\"d31655d1-1d5b-4511-95a1-7a09e9b75bf2\"},\"value-path\":\"Claims\",\"value-title\":\"DisplayName\",\"value-collection\":\"value\"}},\"DisplayName\":{\"title\":\"DisplayName\",\"type\":\"string\",\"description\":\"The name of the user who last changed this item.\",\"x-ms-permission\":\"read-only\",\"x-ms-capabilities\":{\"x-ms-sp\":{\"OdataQueryName\":\"Title\"},\"filterFunctions\":[\"eq\",\"startswith\"]}},\"Email\":{\"title\":\"Email\",\"type\":\"string\",\"description\":\"Email address of the user who last changed this item.\",\"format\":\"email\",\"x-ms-permission\":\"read-only\",\"x-ms-capabilities\":{\"x-ms-sp\":{\"OdataQueryName\":\"EMail\"},\"filterFunctions\":[\"eq\",\"startswith\"]}},\"Picture\":{\"title\":\"Picture\",\"type\":\"string\",\"description\":\"Link to a picture of the user who last changed this item.\",\"format\":\"uri\",\"x-ms-media-kind\":\"image\",\"x-ms-media-default-folder-path\":\"/sites/DesarrolloSoftware\",\"x-ms-media-base-url\":\"https://universidadmag.sharepoint.com/sites/DesarrolloSoftware\",\"x-ms-permission\":\"read-only\"},\"Department\":{\"title\":\"Department\",\"type\":\"string\",\"description\":\"Department name of the user who last changed this item.\",\"x-ms-permission\":\"read-only\"},\"JobTitle\":{\"title\":\"JobTitle\",\"type\":\"string\",\"description\":\"Job title of the user who last changed this item.\",\"x-ms-permission\":\"read-only\"}},\"x-ms-displayFormat\":{\"titleProperty\":\"DisplayName\",\"subtitleProperty\":\"Email\",\"thumbnailProperty\":\"Picture\"}},\"{Identifier}\":{\"title\":\"Identifier\",\"description\":\"Value that can be used in file related actions for selecting a file.\",\"type\":\"string\",\"x-ms-permission\":\"read-only\",\"x-ms-sort\":\"none\"},\"{IsFolder}\":{\"title\":\"IsFolder\",\"description\":\"True when the item is a folder, false otherwise.\",\"type\":\"boolean\",\"x-ms-permission\":\"read-only\",\"x-ms-sort\":\"none\"},\"{Thumbnail}\":{\"title\":\"Miniatura\",\"description\":\"Dirección URL de las miniaturas del elemento en 3 tamaños diferentes, si está disponible.\",\"type\":\"object\",\"x-ms-permission\":\"read-only\",\"x-ms-sort\":\"none\",\"properties\":{\"@odata.type\":{\"title\":\"@odata.type\",\"x-ms-visibility\":\"internal\",\"type\":\"string\",\"x-ms-permission\":\"read-only\"},\"Small\":{\"title\":\"Small\",\"type\":\"string\",\"description\":\"URL to the small, highly compressed size thumbnail of the item, if available.\",\"x-ms-permission\":\"read-only\"},\"Medium\":{\"title\":\"Medium\",\"type\":\"string\",\"description\":\"URL to the standard size thumbnail of the item, if available.\",\"x-ms-permission\":\"read-only\"},\"Large\":{\"title\":\"Large\",\"type\":\"string\",\"description\":\"URL to the largest size thumbnail of the item, if available.\",\"x-ms-permission\":\"read-only\"}}},\"{Link}\":{\"title\":\"Link to item\",\"description\":\"Link that can be used to get to the file or list item. Only people with permissions to the item will be able to open the link.\",\"type\":\"string\",\"x-ms-permission\":\"read-only\",\"x-ms-sort\":\"none\"},\"{Name}\":{\"title\":\"Name\",\"description\":\"File name of the item in document libraries, display name of the item in lists.\",\"type\":\"string\",\"x-ms-permission\":\"read-only\",\"x-ms-sort\":\"none\"},\"{FilenameWithExtension}\":{\"title\":\"File name with extension\",\"description\":\"For libraries, returns file name including extension. For lists, returns the title property.\",\"type\":\"string\",\"x-ms-permission\":\"read-only\",\"x-ms-sort\":\"none\"},\"{Path}\":{\"title\":\"Folder path\",\"description\":\"Path to the folder the item is in, relative to the site address.\",\"type\":\"string\",\"x-ms-permission\":\"read-only\",\"x-ms-sort\":\"none\"},\"{FullPath}\":{\"title\":\"Full Path\",\"description\":\"Full path of an item or a folder or a file\",\"type\":\"string\",\"x-ms-permission\":\"read-only\",\"x-ms-sort\":\"none\"},\"{ModerationStatus}\":{\"title\":\"Content approval status\",\"description\":\"The content approval status. It can be one of the following: Draft, Pending, Approved, or Rejected\",\"type\":\"string\",\"x-ms-permission\":\"read-only\",\"x-ms-sort\":\"none\"},\"{ModerationComment}\":{\"title\":\"Comments associated with the content approval of this list item\",\"description\":\"The comments associated with moderation of the list item.\",\"type\":\"string\",\"x-ms-permission\":\"read-only\",\"x-ms-sort\":\"none\"},\"{ContentType}#Id\":{\"title\":\"Content type Id\",\"type\":\"string\",\"x-ms-permission\":\"read-only\",\"x-ms-visibility\":\"internal\"},\"{ContentType}\":{\"title\":\"Content type\",\"description\":\"Name of the Content type of the item.\",\"type\":\"object\",\"x-ms-permission\":\"read-write\",\"x-ms-sort\":\"none\",\"properties\":{\"@odata.type\":{\"title\":\"@odata.type\",\"x-ms-visibility\":\"internal\",\"type\":\"string\",\"x-ms-permission\":\"read-write\"},\"Id\":{\"title\":\"Id\",\"type\":\"string\",\"x-ms-dynamic-values\":{\"operationId\":\"GetEntityValues\",\"parameters\":{\"dataset\":{\"parameter\":\"dataset\"},\"table\":{\"parameter\":\"table\"},\"id\":\"4651e8f2-38c9-4ad0-8def-41f743f76f30\"},\"value-path\":\"Id\",\"value-title\":\"Name\",\"value-collection\":\"value\"}},\"Name\":{\"title\":\"Name\",\"type\":\"string\",\"x-ms-permission\":\"read-only\"}},\"x-ms-displayFormat\":{\"titleProperty\":\"Name\"}},\"{HasAttachments}\":{\"title\":\"Has attachments\",\"description\":\"Indicates the presence of attachments in the item.\",\"type\":\"boolean\",\"x-ms-permission\":\"read-only\",\"x-ms-sort\":\"none\"},\"{Attachments}@odata.type\":{\"title\":\"{Attachments}\",\"type\":\"string\",\"x-ms-visibility\":\"internal\",\"x-ms-permission\":\"read-write\"},\"{Attachments}\":{\"title\":\"Attachments\",\"description\":\"Never returns any data. Use Attachment endpoints to access item attachments.\",\"x-ms-permission\":\"read-write\",\"targetEntity\":\"attachments\",\"format\":\"x-ms-containedMediaEntity\",\"x-ms-visibility\":\"internal\",\"type\":\"array\",\"items\":{\"type\":\"object\",\"format\":\"x-ms-mediaEntity\",\"x-ms-sort\":\"none\",\"properties\":{\"@odata.type\":{\"title\":\"@odata.type\",\"x-ms-visibility\":\"internal\",\"type\":\"string\",\"x-ms-permission\":\"read-write\"},\"Id\":{\"title\":\"Id\",\"type\":\"string\",\"x-ms-keyType\":\"primary\",\"x-ms-keyOrder\":1,\"x-ms-permission\":\"read-only\"},\"AbsoluteUri\":{\"title\":\"AbsoluteUri\",\"type\":\"string\",\"format\":\"uri\",\"x-ms-permission\":\"read-only\"},\"DisplayName\":{\"title\":\"DisplayName\",\"type\":\"string\",\"x-ms-permission\":\"read-only\"}}},\"@odata.type\":\"#Collection(Microsoft.Azure.Connectors.SharePoint.SPListItemAttachment)\"},\"{VersionNumber}\":{\"title\":\"Version number\",\"description\":\"The version number of the file or the list item.\",\"type\":\"string\",\"x-ms-permission\":\"read-only\",\"x-ms-sort\":\"none\"},\"{TriggerWindowStartToken}\":{\"title\":\"Trigger Window Start Token\",\"description\":\"A token expressing the time of the last flow check. Use this if you want to check if one or more columns were modified since the last flow check.\",\"type\":\"string\",\"x-ms-permission\":\"read-only\",\"x-ms-sort\":\"none\"},\"{TriggerWindowEndToken}\":{\"title\":\"Trigger Window End Token\",\"description\":\"A token expressing the time of the current flow check. Use this if you want to check if one or more columns were modified since the last flow check.\",\"type\":\"string\",\"x-ms-permission\":\"read-only\",\"x-ms-sort\":\"none\"}},\"x-ms-relationships\":{\"TipoUsuario\":{\"targetEntity\":\"TipoUsuario\",\"referentialConstraints\":{\"TipoUsuario#Id\":{\"referencedProperty\":\"Id\"}}},\"Author\":{\"targetEntity\":\"Author\",\"referentialConstraints\":{\"Author#Claims\":{\"referencedProperty\":\"Claims\"}}},\"Editor\":{\"targetEntity\":\"Editor\",\"referentialConstraints\":{\"Editor#Claims\":{\"referencedProperty\":\"Claims\"}}},\"{ContentType}\":{\"targetEntity\":\"4651e8f2-38c9-4ad0-8def-41f743f76f30\",\"referentialConstraints\":{\"{ContentType}#Id\":{\"referencedProperty\":\"Id\"}}}},\"x-ms-displayFormat\":{\"propertiesDisplayOrder\":[\"Title\",\"NombreUsuario\",\"Correo\",\"TipoUsuario\",\"Notificaciones\",\"{Attachments}\"],\"propertiesCompactDisplayOrder\":[\"Title\",\"ID\",\"NombreUsuario\",\"Correo\",\"TipoUsuario\",\"Notificaciones\"],\"propertiesTabularDisplayOrder\":[\"Title\",\"ID\",\"NombreUsuario\",\"Correo\",\"TipoUsuario\",\"Notificaciones\"]}}},\"referencedEntities\":{\"TipoUsuario\":{\"lookupEndpoint\":{\"path\":\"/tables/ec84fbad-dc97-44af-9843-77364b65ae1d/entities/TipoUsuario\",\"capabilities\":{\"searchable\":true,\"requiresSearch\":false}}},\"Author\":{\"lookupEndpoint\":{\"path\":\"/tables/ec84fbad-dc97-44af-9843-77364b65ae1d/entities/Author\",\"capabilities\":{\"searchable\":true,\"requiresSearch\":false}}},\"Editor\":{\"lookupEndpoint\":{\"path\":\"/tables/ec84fbad-dc97-44af-9843-77364b65ae1d/entities/Editor\",\"capabilities\":{\"searchable\":true,\"requiresSearch\":false}}},\"4651e8f2-38c9-4ad0-8def-41f743f76f30\":{\"lookupEndpoint\":{\"path\":\"/tables/ec84fbad-dc97-44af-9843-77364b65ae1d/entities/%257bContentType%257d\",\"capabilities\":{\"searchable\":true,\"requiresSearch\":false}}}},\"webUrl\":\"https://universidadmag.sharepoint.com/sites/DesarrolloSoftware/Lists/TbUsuarios/AllItems.aspx\"}"
      },
      "ConnectedDataSourceInfoNameMapping": {
        "{Attachments}@odata.type": "{Attachments} ({Attachments}@odata.type)",
        "{Thumbnail}": "Miniatura",
        "Correo": "Correo",
        "Editor#Claims": "Modified By Claims",
        "ComplianceAssetId": "Compliance Asset Id",
        "{Name}": "Name",
        "{Path}": "Folder path",
        "{IsFolder}": "IsFolder",
        "Author": "Created By",
        "{Identifier}": "Identifier",
        "{VersionNumber}": "Version number",
        "NombreUsuario": "NombreUsuario",
        "OData__ColorTag": "Color Tag",
        "{FullPath}": "Full Path",
        "{FilenameWithExtension}": "File name with extension",
        "{HasAttachments}": "Has attachments",
        "TipoUsuario": "TipoUsuario",
        "Author#Claims": "Created By Claims",
        "{ModerationComment}": "Comments associated with the content approval of this list item",
        "Editor": "Modified By",
        "{ContentType}": "Content type",
        "{TriggerWindowStartToken}": "Trigger Window Start Token",
        "Notificaciones": "Notificaciones",
        "{Link}": "Link to item",
        "{TriggerWindowEndToken}": "Trigger Window End Token",
        "TipoUsuario#Id": "TipoUsuario Id",
        "{ModerationStatus}": "Content approval status",
        "Modified": "Modified",
        "Title": "Title",
        "{Attachments}": "Attachments",
        "Created": "Created",
        "{ContentType}#Id": "Content type Id",
        "ID": "ID"
      }
    },
    {
      "Name": "TbProductos",
      "IsSampleData": false,
      "IsWritable": true,
      "Type": "ConnectedDataSourceInfo",
      "DatasetName": "https://universidadmag.sharepoint.com/sites/DesarrolloSoftware",
      "TableName": "f17c8f8e-cc7f-4967-bb0c-c7b4f0abe3ef",
      "ApiId": "/providers/microsoft.powerapps/apis/shared_sharepointonline",
      "EncodeDataset": true,
      "CdpRevision": {
        "RevisionNumber": 1,
        "BaseUrl": "/",
        "LastChangedTimeString": "2025-08-07T20:03:34.0270000Z"
      },
      "DataEntityMetadataJson": {
        "f17c8f8e-cc7f-4967-bb0c-c7b4f0abe3ef": "{\"name\":\"f17c8f8e-cc7f-4967-bb0c-c7b4f0abe3ef\",\"title\":\"TbProductos\",\"x-ms-permission\":\"read-write\",\"x-ms-capabilities\":{\"sortRestrictions\":{\"sortable\":true,\"unsortableProperties\":[\"{Identifier}\",\"{IsFolder}\",\"{Thumbnail}\",\"{Link}\",\"{Name}\",\"{FilenameWithExtension}\",\"{Path}\",\"{FullPath}\",\"{ModerationStatus}\",\"{ModerationComment}\",\"{ContentType}\",\"{HasAttachments}\",\"{Attachments}\",\"{VersionNumber}\",\"{TriggerWindowStartToken}\",\"{TriggerWindowEndToken}\"]},\"filterRestrictions\":{\"filterable\":true,\"nonFilterableProperties\":[\"{Identifier}\",\"{IsFolder}\",\"{Thumbnail}\",\"{Link}\",\"{Name}\",\"{FilenameWithExtension}\",\"{Path}\",\"{FullPath}\",\"{ModerationStatus}\",\"{ModerationComment}\",\"{ContentType}\",\"{HasAttachments}\",\"{Attachments}\",\"{VersionNumber}\",\"{TriggerWindowStartToken}\",\"{TriggerWindowEndToken}\"]},\"isOnlyServerPagable\":true,\"filterFunctionSupport\":[\"and\",\"or\",\"eq\",\"startswith\",\"gt\",\"ge\",\"lt\",\"le\",\"ne\"],\"serverPagingOptions\":[\"top\",\"skiptoken\"],\"odataVersion\":3},\"schema\":{\"type\":\"array\",\"items\":{\"type\":\"object\",\"required\":[],\"properties\":{\"ID\":{\"title\":\"ID\",\"description\":\"List item id. Use this value for specifying the item to act on in other list related actions.\",\"type\":\"integer\",\"format\":\"int64\",\"x-ms-keyType\":\"primary\",\"x-ms-keyOrder\":1,\"x-ms-permission\":\"read-only\",\"x-ms-sort\":\"asc,desc\",\"x-ms-capabilities\":{\"filterFunctions\":[\"eq\"]}},\"Title\":{\"title\":\"Title\",\"type\":\"string\",\"x-ms-permission\":\"read-write\",\"x-ms-sort\":\"asc,desc\",\"x-ms-capabilities\":{\"filterFunctions\":[\"eq\",\"startswith\"]},\"maxLength\":255},\"Descripcion\":{\"title\":\"Descripcion\",\"type\":\"string\",\"x-ms-permission\":\"read-write\",\"x-ms-sort\":\"asc,desc\",\"x-ms-capabilities\":{\"filterFunctions\":[\"eq\",\"startswith\"]},\"maxLength\":255},\"Lote\":{\"title\":\"Lote\",\"type\":\"string\",\"x-ms-permission\":\"read-write\",\"x-ms-sort\":\"asc,desc\",\"x-ms-capabilities\":{\"filterFunctions\":[\"eq\",\"startswith\"]},\"maxLength\":255},\"Proveedor\":{\"title\":\"Proveedor\",\"type\":\"string\",\"x-ms-permission\":\"read-write\",\"x-ms-sort\":\"asc,desc\",\"x-ms-capabilities\":{\"filterFunctions\":[\"eq\",\"startswith\"]},\"maxLength\":255},\"Cantidad\":{\"title\":\"Cantidad\",\"type\":\"number\",\"format\":\"double\",\"x-ms-permission\":\"read-write\",\"x-ms-sort\":\"asc,desc\",\"x-ms-capabilities\":{\"filterFunctions\":[\"eq\",\"gt\",\"ge\",\"lt\",\"le\",\"ne\"]},\"maximum\":1.7976931348623157e+308,\"minimum\":-1.7976931348623157e+308},\"Valor\":{\"title\":\"Valor\",\"type\":\"number\",\"format\":\"double\",\"x-ms-permission\":\"read-write\",\"x-ms-sort\":\"asc,desc\",\"x-ms-capabilities\":{\"filterFunctions\":[\"eq\",\"gt\",\"ge\",\"lt\",\"le\",\"ne\"]},\"maximum\":1.7976931348623157e+308,\"minimum\":-1.7976931348623157e+308},\"OData__ColorTag\":{\"title\":\"Color Tag\",\"type\":\"string\",\"x-ms-permission\":\"read-only\",\"x-ms-sort\":\"asc,desc\",\"x-ms-capabilities\":{\"filterFunctions\":[\"eq\",\"startswith\"]},\"maxLength\":255},\"ComplianceAssetId\":{\"title\":\"Compliance Asset Id\",\"type\":\"string\",\"x-ms-permission\":\"read-only\",\"x-ms-sort\":\"asc,desc\",\"x-ms-capabilities\":{\"filterFunctions\":[\"eq\",\"startswith\"]},\"maxLength\":255},\"Modified\":{\"title\":\"Modified\",\"description\":\"When this item was last changed.\",\"type\":\"string\",\"format\":\"date-time\",\"x-ms-permission\":\"read-only\",\"x-ms-sort\":\"asc,desc\",\"x-ms-capabilities\":{\"filterFunctions\":[\"eq\",\"gt\",\"ge\",\"lt\",\"le\",\"ne\"]}},\"Created\":{\"title\":\"Created\",\"description\":\"When this item was created.\",\"type\":\"string\",\"format\":\"date-time\",\"x-ms-permission\":\"read-only\",\"x-ms-sort\":\"asc,desc\",\"x-ms-capabilities\":{\"filterFunctions\":[\"eq\",\"gt\",\"ge\",\"lt\",\"le\",\"ne\"]}},\"Author#Claims\":{\"title\":\"Created By Claims\",\"type\":\"string\",\"description\":\"Internal identifier for the user who created this item.\",\"x-ms-permission\":\"read-only\",\"x-ms-visibility\":\"internal\"},\"Author\":{\"title\":\"Created By\",\"description\":\"The user who created this item.\",\"type\":\"object\",\"x-ms-permission\":\"read-only\",\"x-ms-sort\":\"asc,desc\",\"x-ms-capabilities\":{\"filterFunctions\":[\"eq\"]},\"properties\":{\"@odata.type\":{\"title\":\"@odata.type\",\"x-ms-visibility\":\"internal\",\"type\":\"string\",\"x-ms-permission\":\"read-only\"},\"Claims\":{\"title\":\"Claims\",\"type\":\"string\",\"description\":\"Internal identifier for the user who created this item.\",\"x-ms-permission\":\"read-only\",\"x-ms-dynamic-values\":{\"operationId\":\"GetEntityValues\",\"parameters\":{\"dataset\":{\"parameter\":\"dataset\"},\"table\":{\"parameter\":\"table\"},\"id\":\"1df5e554-ec7e-46a6-901d-d85a3881cb18\"},\"value-path\":\"Claims\",\"value-title\":\"DisplayName\",\"value-collection\":\"value\"}},\"DisplayName\":{\"title\":\"DisplayName\",\"type\":\"string\",\"description\":\"The name of the user who created this item.\",\"x-ms-permission\":\"read-only\",\"x-ms-capabilities\":{\"x-ms-sp\":{\"OdataQueryName\":\"Title\"},\"filterFunctions\":[\"eq\",\"startswith\"]}},\"Email\":{\"title\":\"Email\",\"type\":\"string\",\"description\":\"Email address of the user who created this item.\",\"format\":\"email\",\"x-ms-permission\":\"read-only\",\"x-ms-capabilities\":{\"x-ms-sp\":{\"OdataQueryName\":\"EMail\"},\"filterFunctions\":[\"eq\",\"startswith\"]}},\"Picture\":{\"title\":\"Picture\",\"type\":\"string\",\"description\":\"Link to a picture of the user who created this item.\",\"format\":\"uri\",\"x-ms-media-kind\":\"image\",\"x-ms-media-default-folder-path\":\"/sites/DesarrolloSoftware\",\"x-ms-media-base-url\":\"https://universidadmag.sharepoint.com/sites/DesarrolloSoftware\",\"x-ms-permission\":\"read-only\"},\"Department\":{\"title\":\"Department\",\"type\":\"string\",\"description\":\"Department name of the user who created this item.\",\"x-ms-permission\":\"read-only\"},\"JobTitle\":{\"title\":\"JobTitle\",\"type\":\"string\",\"description\":\"Job title of the user who created this item.\",\"x-ms-permission\":\"read-only\"}},\"x-ms-displayFormat\":{\"titleProperty\":\"DisplayName\",\"subtitleProperty\":\"Email\",\"thumbnailProperty\":\"Picture\"}},\"Editor#Claims\":{\"title\":\"Modified By Claims\",\"type\":\"string\",\"description\":\"Internal identifier for the user who last changed this item.\",\"x-ms-permission\":\"read-only\",\"x-ms-visibility\":\"internal\"},\"Editor\":{\"title\":\"Modified By\",\"description\":\"The user who last changed this item.\",\"type\":\"object\",\"x-ms-permission\":\"read-only\",\"x-ms-sort\":\"asc,desc\",\"x-ms-capabilities\":{\"filterFunctions\":[\"eq\"]},\"properties\":{\"@odata.type\":{\"title\":\"@odata.type\",\"x-ms-visibility\":\"internal\",\"type\":\"string\",\"x-ms-permission\":\"read-only\"},\"Claims\":{\"title\":\"Claims\",\"type\":\"string\",\"description\":\"Internal identifier for the user who last changed this item.\",\"x-ms-permission\":\"read-only\",\"x-ms-dynamic-values\":{\"operationId\":\"GetEntityValues\",\"parameters\":{\"dataset\":{\"parameter\":\"dataset\"},\"table\":{\"parameter\":\"table\"},\"id\":\"d31655d1-1d5b-4511-95a1-7a09e9b75bf2\"},\"value-path\":\"Claims\",\"value-title\":\"DisplayName\",\"value-collection\":\"value\"}},\"DisplayName\":{\"title\":\"DisplayName\",\"type\":\"string\",\"description\":\"The name of the user who last changed this item.\",\"x-ms-permission\":\"read-only\",\"x-ms-capabilities\":{\"x-ms-sp\":{\"OdataQueryName\":\"Title\"},\"filterFunctions\":[\"eq\",\"startswith\"]}},\"Email\":{\"title\":\"Email\",\"type\":\"string\",\"description\":\"Email address of the user who last changed this item.\",\"format\":\"email\",\"x-ms-permission\":\"read-only\",\"x-ms-capabilities\":{\"x-ms-sp\":{\"OdataQueryName\":\"EMail\"},\"filterFunctions\":[\"eq\",\"startswith\"]}},\"Picture\":{\"title\":\"Picture\",\"type\":\"string\",\"description\":\"Link to a picture of the user who last changed this item.\",\"format\":\"uri\",\"x-ms-media-kind\":\"image\",\"x-ms-media-default-folder-path\":\"/sites/DesarrolloSoftware\",\"x-ms-media-base-url\":\"https://universidadmag.sharepoint.com/sites/DesarrolloSoftware\",\"x-ms-permission\":\"read-only\"},\"Department\":{\"title\":\"Department\",\"type\":\"string\",\"description\":\"Department name of the user who last changed this item.\",\"x-ms-permission\":\"read-only\"},\"JobTitle\":{\"title\":\"JobTitle\",\"type\":\"string\",\"description\":\"Job title of the user who last changed this item.\",\"x-ms-permission\":\"read-only\"}},\"x-ms-displayFormat\":{\"titleProperty\":\"DisplayName\",\"subtitleProperty\":\"Email\",\"thumbnailProperty\":\"Picture\"}},\"{Identifier}\":{\"title\":\"Identifier\",\"description\":\"Value that can be used in file related actions for selecting a file.\",\"type\":\"string\",\"x-ms-permission\":\"read-only\",\"x-ms-sort\":\"none\"},\"{IsFolder}\":{\"title\":\"IsFolder\",\"description\":\"True when the item is a folder, false otherwise.\",\"type\":\"boolean\",\"x-ms-permission\":\"read-only\",\"x-ms-sort\":\"none\"},\"{Thumbnail}\":{\"title\":\"Miniatura\",\"description\":\"Dirección URL de las miniaturas del elemento en 3 tamaños diferentes, si está disponible.\",\"type\":\"object\",\"x-ms-permission\":\"read-only\",\"x-ms-sort\":\"none\",\"properties\":{\"@odata.type\":{\"title\":\"@odata.type\",\"x-ms-visibility\":\"internal\",\"type\":\"string\",\"x-ms-permission\":\"read-only\"},\"Small\":{\"title\":\"Small\",\"type\":\"string\",\"description\":\"URL to the small, highly compressed size thumbnail of the item, if available.\",\"x-ms-permission\":\"read-only\"},\"Medium\":{\"title\":\"Medium\",\"type\":\"string\",\"description\":\"URL to the standard size thumbnail of the item, if available.\",\"x-ms-permission\":\"read-only\"},\"Large\":{\"title\":\"Large\",\"type\":\"string\",\"description\":\"URL to the largest size thumbnail of the item, if available.\",\"x-ms-permission\":\"read-only\"}}},\"{Link}\":{\"title\":\"Link to item\",\"description\":\"Link that can be used to get to the file or list item. Only people with permissions to the item will be able to open the link.\",\"type\":\"string\",\"x-ms-permission\":\"read-only\",\"x-ms-sort\":\"none\"},\"{Name}\":{\"title\":\"Name\",\"description\":\"File name of the item in document libraries, display name of the item in lists.\",\"type\":\"string\",\"x-ms-permission\":\"read-only\",\"x-ms-sort\":\"none\"},\"{FilenameWithExtension}\":{\"title\":\"File name with extension\",\"description\":\"For libraries, returns file name including extension. For lists, returns the title property.\",\"type\":\"string\",\"x-ms-permission\":\"read-only\",\"x-ms-sort\":\"none\"},\"{Path}\":{\"title\":\"Folder path\",\"description\":\"Path to the folder the item is in, relative to the site address.\",\"type\":\"string\",\"x-ms-permission\":\"read-only\",\"x-ms-sort\":\"none\"},\"{FullPath}\":{\"title\":\"Full Path\",\"description\":\"Full path of an item or a folder or a file\",\"type\":\"string\",\"x-ms-permission\":\"read-only\",\"x-ms-sort\":\"none\"},\"{ModerationStatus}\":{\"title\":\"Content approval status\",\"description\":\"The content approval status. It can be one of the following: Draft, Pending, Approved, or Rejected\",\"type\":\"string\",\"x-ms-permission\":\"read-only\",\"x-ms-sort\":\"none\"},\"{ModerationComment}\":{\"title\":\"Comments associated with the content approval of this list item\",\"description\":\"The comments associated with moderation of the list item.\",\"type\":\"string\",\"x-ms-permission\":\"read-only\",\"x-ms-sort\":\"none\"},\"{ContentType}#Id\":{\"title\":\"Content type Id\",\"type\":\"string\",\"x-ms-permission\":\"read-only\",\"x-ms-visibility\":\"internal\"},\"{ContentType}\":{\"title\":\"Content type\",\"description\":\"Name of the Content type of the item.\",\"type\":\"object\",\"x-ms-permission\":\"read-write\",\"x-ms-sort\":\"none\",\"properties\":{\"@odata.type\":{\"title\":\"@odata.type\",\"x-ms-visibility\":\"internal\",\"type\":\"string\",\"x-ms-permission\":\"read-write\"},\"Id\":{\"title\":\"Id\",\"type\":\"string\",\"x-ms-dynamic-values\":{\"operationId\":\"GetEntityValues\",\"parameters\":{\"dataset\":{\"parameter\":\"dataset\"},\"table\":{\"parameter\":\"table\"},\"id\":\"4651e8f2-38c9-4ad0-8def-41f743f76f30\"},\"value-path\":\"Id\",\"value-title\":\"Name\",\"value-collection\":\"value\"}},\"Name\":{\"title\":\"Name\",\"type\":\"string\",\"x-ms-permission\":\"read-only\"}},\"x-ms-displayFormat\":{\"titleProperty\":\"Name\"}},\"{HasAttachments}\":{\"title\":\"Has attachments\",\"description\":\"Indicates the presence of attachments in the item.\",\"type\":\"boolean\",\"x-ms-permission\":\"read-only\",\"x-ms-sort\":\"none\"},\"{Attachments}@odata.type\":{\"title\":\"{Attachments}\",\"type\":\"string\",\"x-ms-visibility\":\"internal\",\"x-ms-permission\":\"read-write\"},\"{Attachments}\":{\"title\":\"Attachments\",\"description\":\"Never returns any data. Use Attachment endpoints to access item attachments.\",\"x-ms-permission\":\"read-write\",\"targetEntity\":\"attachments\",\"format\":\"x-ms-containedMediaEntity\",\"x-ms-visibility\":\"internal\",\"type\":\"array\",\"items\":{\"type\":\"object\",\"format\":\"x-ms-mediaEntity\",\"x-ms-sort\":\"none\",\"properties\":{\"@odata.type\":{\"title\":\"@odata.type\",\"x-ms-visibility\":\"internal\",\"type\":\"string\",\"x-ms-permission\":\"read-write\"},\"Id\":{\"title\":\"Id\",\"type\":\"string\",\"x-ms-keyType\":\"primary\",\"x-ms-keyOrder\":1,\"x-ms-permission\":\"read-only\"},\"AbsoluteUri\":{\"title\":\"AbsoluteUri\",\"type\":\"string\",\"format\":\"uri\",\"x-ms-permission\":\"read-only\"},\"DisplayName\":{\"title\":\"DisplayName\",\"type\":\"string\",\"x-ms-permission\":\"read-only\"}}},\"@odata.type\":\"#Collection(Microsoft.Azure.Connectors.SharePoint.SPListItemAttachment)\"},\"{VersionNumber}\":{\"title\":\"Version number\",\"description\":\"The version number of the file or the list item.\",\"type\":\"string\",\"x-ms-permission\":\"read-only\",\"x-ms-sort\":\"none\"},\"{TriggerWindowStartToken}\":{\"title\":\"Trigger Window Start Token\",\"description\":\"A token expressing the time of the last flow check. Use this if you want to check if one or more columns were modified since the last flow check.\",\"type\":\"string\",\"x-ms-permission\":\"read-only\",\"x-ms-sort\":\"none\"},\"{TriggerWindowEndToken}\":{\"title\":\"Trigger Window End Token\",\"description\":\"A token expressing the time of the current flow check. Use this if you want to check if one or more columns were modified since the last flow check.\",\"type\":\"string\",\"x-ms-permission\":\"read-only\",\"x-ms-sort\":\"none\"}},\"x-ms-relationships\":{\"Author\":{\"targetEntity\":\"Author\",\"referentialConstraints\":{\"Author#Claims\":{\"referencedProperty\":\"Claims\"}}},\"Editor\":{\"targetEntity\":\"Editor\",\"referentialConstraints\":{\"Editor#Claims\":{\"referencedProperty\":\"Claims\"}}},\"{ContentType}\":{\"targetEntity\":\"4651e8f2-38c9-4ad0-8def-41f743f76f30\",\"referentialConstraints\":{\"{ContentType}#Id\":{\"referencedProperty\":\"Id\"}}}},\"x-ms-displayFormat\":{\"propertiesDisplayOrder\":[\"Title\",\"Descripcion\",\"Lote\",\"Proveedor\",\"Cantidad\",\"Valor\",\"{Attachments}\"],\"propertiesCompactDisplayOrder\":[\"Title\",\"Descripcion\",\"Lote\",\"Proveedor\",\"Cantidad\",\"Valor\"],\"propertiesTabularDisplayOrder\":[\"Title\",\"Descripcion\",\"Lote\",\"Proveedor\",\"Cantidad\",\"Valor\"]}}},\"referencedEntities\":{\"Author\":{\"lookupEndpoint\":{\"path\":\"/tables/f17c8f8e-cc7f-4967-bb0c-c7b4f0abe3ef/entities/Author\",\"capabilities\":{\"searchable\":true,\"requiresSearch\":false}}},\"Editor\":{\"lookupEndpoint\":{\"path\":\"/tables/f17c8f8e-cc7f-4967-bb0c-c7b4f0abe3ef/entities/Editor\",\"capabilities\":{\"searchable\":true,\"requiresSearch\":false}}},\"4651e8f2-38c9-4ad0-8def-41f743f76f30\":{\"lookupEndpoint\":{\"path\":\"/tables/f17c8f8e-cc7f-4967-bb0c-c7b4f0abe3ef/entities/%257bContentType%257d\",\"capabilities\":{\"searchable\":true,\"requiresSearch\":false}}}},\"webUrl\":\"https://universidadmag.sharepoint.com/sites/DesarrolloSoftware/Lists/TbProductos/AllItems.aspx\"}"
      },
      "ConnectedDataSourceInfoNameMapping": {
        "{Attachments}@odata.type": "{Attachments} ({Attachments}@odata.type)",
        "{Thumbnail}": "Miniatura",
        "Proveedor": "Proveedor",
        "Editor#Claims": "Modified By Claims",
        "Descripcion": "Descripcion",
        "ComplianceAssetId": "Compliance Asset Id",
        "{Name}": "Name",
        "Lote": "Lote",
        "{Path}": "Folder path",
        "{IsFolder}": "IsFolder",
        "Author": "Created By",
        "{Identifier}": "Identifier",
        "{VersionNumber}": "Version number",
        "OData__ColorTag": "Color Tag",
        "{FullPath}": "Full Path",
        "{FilenameWithExtension}": "File name with extension",
        "{HasAttachments}": "Has attachments",
        "Author#Claims": "Created By Claims",
        "{ModerationComment}": "Comments associated with the content approval of this list item",
        "Editor": "Modified By",
        "{ContentType}": "Content type",
        "{TriggerWindowStartToken}": "Trigger Window Start Token",
        "{Link}": "Link to item",
        "{TriggerWindowEndToken}": "Trigger Window End Token",
        "Valor": "Valor",
        "{ModerationStatus}": "Content approval status",
        "Modified": "Modified",
        "Title": "Title",
        "{Attachments}": "Attachments",
        "Cantidad": "Cantidad",
        "Created": "Created",
        "{ContentType}#Id": "Content type Id",
        "ID": "ID"
      }
    },
    {
      "Name": "TbUsuarioSQL",
      "IsSampleData": false,
      "IsWritable": true,
      "Type": "ConnectedDataSourceInfo",
      "DatasetName": "https://universidadmag.sharepoint.com/sites/DesarrolloSoftware",
      "TableName": "e04bcf76-a38e-498b-b7bb-baefbd2cb2c8",
      "ApiId": "/providers/microsoft.powerapps/apis/shared_sharepointonline",
      "EncodeDataset": true,
      "CdpRevision": {
        "RevisionNumber": 1,
        "BaseUrl": "/",
        "LastChangedTimeString": "2025-08-07T20:03:34.0270000Z"
      },
      "DataEntityMetadataJson": {
        "e04bcf76-a38e-498b-b7bb-baefbd2cb2c8": "{\"name\":\"e04bcf76-a38e-498b-b7bb-baefbd2cb2c8\",\"title\":\"TbUsuarioSQL\",\"x-ms-permission\":\"read-write\",\"x-ms-capabilities\":{\"sortRestrictions\":{\"sortable\":true,\"unsortableProperties\":[\"{Identifier}\",\"{IsFolder}\",\"{Thumbnail}\",\"{Link}\",\"{Name}\",\"{FilenameWithExtension}\",\"{Path}\",\"{FullPath}\",\"{ModerationStatus}\",\"{ModerationComment}\",\"{ContentType}\",\"{HasAttachments}\",\"{Attachments}\",\"{VersionNumber}\",\"{TriggerWindowStartToken}\",\"{TriggerWindowEndToken}\"]},\"filterRestrictions\":{\"filterable\":true,\"nonFilterableProperties\":[\"{Identifier}\",\"{IsFolder}\",\"{Thumbnail}\",\"{Link}\",\"{Name}\",\"{FilenameWithExtension}\",\"{Path}\",\"{FullPath}\",\"{ModerationStatus}\",\"{ModerationComment}\",\"{ContentType}\",\"{HasAttachments}\",\"{Attachments}\",\"{VersionNumber}\",\"{TriggerWindowStartToken}\",\"{TriggerWindowEndToken}\"]},\"isOnlyServerPagable\":true,\"filterFunctionSupport\":[\"and\",\"or\",\"eq\",\"startswith\",\"gt\",\"ge\",\"lt\",\"le\",\"ne\"],\"serverPagingOptions\":[\"top\",\"skiptoken\"],\"odataVersion\":3},\"schema\":{\"type\":\"array\",\"items\":{\"type\":\"object\",\"required\":[],\"properties\":{\"ID\":{\"title\":\"ID\",\"description\":\"List item id. Use this value for specifying the item to act on in other list related actions.\",\"type\":\"integer\",\"format\":\"int64\",\"x-ms-keyType\":\"primary\",\"x-ms-keyOrder\":1,\"x-ms-permission\":\"read-only\",\"x-ms-sort\":\"asc,desc\",\"x-ms-capabilities\":{\"filterFunctions\":[\"eq\"]}},\"Title\":{\"title\":\"Title\",\"type\":\"string\",\"x-ms-permission\":\"read-write\",\"x-ms-sort\":\"asc,desc\",\"x-ms-capabilities\":{\"filterFunctions\":[\"eq\",\"startswith\"]},\"maxLength\":255},\"NombreUsuario\":{\"title\":\"NombreUsuario\",\"type\":\"string\",\"x-ms-permission\":\"read-write\",\"x-ms-sort\":\"asc,desc\",\"x-ms-capabilities\":{\"filterFunctions\":[\"eq\",\"startswith\"]},\"maxLength\":255},\"Correo\":{\"title\":\"Correo\",\"type\":\"string\",\"x-ms-permission\":\"read-write\",\"x-ms-sort\":\"asc,desc\",\"x-ms-capabilities\":{\"filterFunctions\":[\"eq\",\"startswith\"]},\"maxLength\":255},\"TipoUsuario#Id\":{\"title\":\"TipoUsuario Id\",\"type\":\"integer\",\"format\":\"int64\",\"x-ms-permission\":\"read-only\",\"x-ms-visibility\":\"internal\"},\"TipoUsuario\":{\"title\":\"TipoUsuario\",\"type\":\"object\",\"x-ms-permission\":\"read-write\",\"x-ms-sort\":\"asc,desc\",\"x-ms-capabilities\":{\"x-ms-sp\":{\"IsChoice\":true},\"filterFunctions\":[\"eq\"]},\"properties\":{\"@odata.type\":{\"title\":\"@odata.type\",\"x-ms-visibility\":\"internal\",\"type\":\"string\",\"x-ms-permission\":\"read-write\"},\"Value\":{\"title\":\"Value\",\"type\":\"string\",\"x-ms-dynamic-values\":{\"operationId\":\"GetEntityValues\",\"parameters\":{\"dataset\":{\"parameter\":\"dataset\"},\"table\":{\"parameter\":\"table\"},\"id\":\"248e4959-ec65-42d3-aeca-0b7ac784ae59\"},\"value-path\":\"Value\",\"value-title\":\"Value\",\"value-collection\":\"value\"}},\"Id\":{\"title\":\"Id\",\"type\":\"integer\",\"format\":\"int64\",\"x-ms-visibility\":\"internal\",\"x-ms-permission\":\"read-only\"}},\"x-ms-displayFormat\":{\"titleProperty\":\"Value\"}},\"Notificaciones\":{\"title\":\"Notificaciones\",\"type\":\"string\",\"x-ms-permission\":\"read-write\",\"x-ms-sort\":\"asc,desc\",\"x-ms-capabilities\":{\"filterFunctions\":[\"eq\",\"startswith\"]},\"maxLength\":255},\"OData__ColorTag\":{\"title\":\"Color Tag\",\"type\":\"string\",\"x-ms-permission\":\"read-only\",\"x-ms-sort\":\"asc,desc\",\"x-ms-capabilities\":{\"filterFunctions\":[\"eq\",\"startswith\"]},\"maxLength\":255},\"ComplianceAssetId\":{\"title\":\"Compliance Asset Id\",\"type\":\"string\",\"x-ms-permission\":\"read-only\",\"x-ms-sort\":\"asc,desc\",\"x-ms-capabilities\":{\"filterFunctions\":[\"eq\",\"startswith\"]},\"maxLength\":255},\"Modified\":{\"title\":\"Modified\",\"description\":\"When this item was last changed.\",\"type\":\"string\",\"format\":\"date-time\",\"x-ms-permission\":\"read-only\",\"x-ms-sort\":\"asc,desc\",\"x-ms-capabilities\":{\"filterFunctions\":[\"eq\",\"gt\",\"ge\",\"lt\",\"le\",\"ne\"]}},\"Created\":{\"title\":\"Created\",\"description\":\"When this item was created.\",\"type\":\"string\",\"format\":\"date-time\",\"x-ms-permission\":\"read-only\",\"x-ms-sort\":\"asc,desc\",\"x-ms-capabilities\":{\"filterFunctions\":[\"eq\",\"gt\",\"ge\",\"lt\",\"le\",\"ne\"]}},\"Author#Claims\":{\"title\":\"Created By Claims\",\"type\":\"string\",\"description\":\"Internal identifier for the user who created this item.\",\"x-ms-permission\":\"read-only\",\"x-ms-visibility\":\"internal\"},\"Author\":{\"title\":\"Created By\",\"description\":\"The user who created this item.\",\"type\":\"object\",\"x-ms-permission\":\"read-only\",\"x-ms-sort\":\"asc,desc\",\"x-ms-capabilities\":{\"filterFunctions\":[\"eq\"]},\"properties\":{\"@odata.type\":{\"title\":\"@odata.type\",\"x-ms-visibility\":\"internal\",\"type\":\"string\",\"x-ms-permission\":\"read-only\"},\"Claims\":{\"title\":\"Claims\",\"type\":\"string\",\"description\":\"Internal identifier for the user who created this item.\",\"x-ms-permission\":\"read-only\",\"x-ms-dynamic-values\":{\"operationId\":\"GetEntityValues\",\"parameters\":{\"dataset\":{\"parameter\":\"dataset\"},\"table\":{\"parameter\":\"table\"},\"id\":\"1df5e554-ec7e-46a6-901d-d85a3881cb18\"},\"value-path\":\"Claims\",\"value-title\":\"DisplayName\",\"value-collection\":\"value\"}},\"DisplayName\":{\"title\":\"DisplayName\",\"type\":\"string\",\"description\":\"The name of the user who created this item.\",\"x-ms-permission\":\"read-only\",\"x-ms-capabilities\":{\"x-ms-sp\":{\"OdataQueryName\":\"Title\"},\"filterFunctions\":[\"eq\",\"startswith\"]}},\"Email\":{\"title\":\"Email\",\"type\":\"string\",\"description\":\"Email address of the user who created this item.\",\"format\":\"email\",\"x-ms-permission\":\"read-only\",\"x-ms-capabilities\":{\"x-ms-sp\":{\"OdataQueryName\":\"EMail\"},\"filterFunctions\":[\"eq\",\"startswith\"]}},\"Picture\":{\"title\":\"Picture\",\"type\":\"string\",\"description\":\"Link to a picture of the user who created this item.\",\"format\":\"uri\",\"x-ms-media-kind\":\"image\",\"x-ms-media-default-folder-path\":\"/sites/DesarrolloSoftware\",\"x-ms-media-base-url\":\"https://universidadmag.sharepoint.com/sites/DesarrolloSoftware\",\"x-ms-permission\":\"read-only\"},\"Department\":{\"title\":\"Department\",\"type\":\"string\",\"description\":\"Department name of the user who created this item.\",\"x-ms-permission\":\"read-only\"},\"JobTitle\":{\"title\":\"JobTitle\",\"type\":\"string\",\"description\":\"Job title of the user who created this item.\",\"x-ms-permission\":\"read-only\"}},\"x-ms-displayFormat\":{\"titleProperty\":\"DisplayName\",\"subtitleProperty\":\"Email\",\"thumbnailProperty\":\"Picture\"}},\"Editor#Claims\":{\"title\":\"Modified By Claims\",\"type\":\"string\",\"description\":\"Internal identifier for the user who last changed this item.\",\"x-ms-permission\":\"read-only\",\"x-ms-visibility\":\"internal\"},\"Editor\":{\"title\":\"Modified By\",\"description\":\"The user who last changed this item.\",\"type\":\"object\",\"x-ms-permission\":\"read-only\",\"x-ms-sort\":\"asc,desc\",\"x-ms-capabilities\":{\"filterFunctions\":[\"eq\"]},\"properties\":{\"@odata.type\":{\"title\":\"@odata.type\",\"x-ms-visibility\":\"internal\",\"type\":\"string\",\"x-ms-permission\":\"read-only\"},\"Claims\":{\"title\":\"Claims\",\"type\":\"string\",\"description\":\"Internal identifier for the user who last changed this item.\",\"x-ms-permission\":\"read-only\",\"x-ms-dynamic-values\":{\"operationId\":\"GetEntityValues\",\"parameters\":{\"dataset\":{\"parameter\":\"dataset\"},\"table\":{\"parameter\":\"table\"},\"id\":\"d31655d1-1d5b-4511-95a1-7a09e9b75bf2\"},\"value-path\":\"Claims\",\"value-title\":\"DisplayName\",\"value-collection\":\"value\"}},\"DisplayName\":{\"title\":\"DisplayName\",\"type\":\"string\",\"description\":\"The name of the user who last changed this item.\",\"x-ms-permission\":\"read-only\",\"x-ms-capabilities\":{\"x-ms-sp\":{\"OdataQueryName\":\"Title\"},\"filterFunctions\":[\"eq\",\"startswith\"]}},\"Email\":{\"title\":\"Email\",\"type\":\"string\",\"description\":\"Email address of the user who last changed this item.\",\"format\":\"email\",\"x-ms-permission\":\"read-only\",\"x-ms-capabilities\":{\"x-ms-sp\":{\"OdataQueryName\":\"EMail\"},\"filterFunctions\":[\"eq\",\"startswith\"]}},\"Picture\":{\"title\":\"Picture\",\"type\":\"string\",\"description\":\"Link to a picture of the user who last changed this item.\",\"format\":\"uri\",\"x-ms-media-kind\":\"image\",\"x-ms-media-default-folder-path\":\"/sites/DesarrolloSoftware\",\"x-ms-media-base-url\":\"https://universidadmag.sharepoint.com/sites/DesarrolloSoftware\",\"x-ms-permission\":\"read-only\"},\"Department\":{\"title\":\"Department\",\"type\":\"string\",\"description\":\"Department name of the user who last changed this item.\",\"x-ms-permission\":\"read-only\"},\"JobTitle\":{\"title\":\"JobTitle\",\"type\":\"string\",\"description\":\"Job title of the user who last changed this item.\",\"x-ms-permission\":\"read-only\"}},\"x-ms-displayFormat\":{\"titleProperty\":\"DisplayName\",\"subtitleProperty\":\"Email\",\"thumbnailProperty\":\"Picture\"}},\"{Identifier}\":{\"title\":\"Identifier\",\"description\":\"Value that can be used in file related actions for selecting a file.\",\"type\":\"string\",\"x-ms-permission\":\"read-only\",\"x-ms-sort\":\"none\"},\"{IsFolder}\":{\"title\":\"IsFolder\",\"description\":\"True when the item is a folder, false otherwise.\",\"type\":\"boolean\",\"x-ms-permission\":\"read-only\",\"x-ms-sort\":\"none\"},\"{Thumbnail}\":{\"title\":\"Miniatura\",\"description\":\"Dirección URL de las miniaturas del elemento en 3 tamaños diferentes, si está disponible.\",\"type\":\"object\",\"x-ms-permission\":\"read-only\",\"x-ms-sort\":\"none\",\"properties\":{\"@odata.type\":{\"title\":\"@odata.type\",\"x-ms-visibility\":\"internal\",\"type\":\"string\",\"x-ms-permission\":\"read-only\"},\"Small\":{\"title\":\"Small\",\"type\":\"string\",\"description\":\"URL to the small, highly compressed size thumbnail of the item, if available.\",\"x-ms-permission\":\"read-only\"},\"Medium\":{\"title\":\"Medium\",\"type\":\"string\",\"description\":\"URL to the standard size thumbnail of the item, if available.\",\"x-ms-permission\":\"read-only\"},\"Large\":{\"title\":\"Large\",\"type\":\"string\",\"description\":\"URL to the largest size thumbnail of the item, if available.\",\"x-ms-permission\":\"read-only\"}}},\"{Link}\":{\"title\":\"Link to item\",\"description\":\"Link that can be used to get to the file or list item. Only people with permissions to the item will be able to open the link.\",\"type\":\"string\",\"x-ms-permission\":\"read-only\",\"x-ms-sort\":\"none\"},\"{Name}\":{\"title\":\"Name\",\"description\":\"File name of the item in document libraries, display name of the item in lists.\",\"type\":\"string\",\"x-ms-permission\":\"read-only\",\"x-ms-sort\":\"none\"},\"{FilenameWithExtension}\":{\"title\":\"File name with extension\",\"description\":\"For libraries, returns file name including extension. For lists, returns the title property.\",\"type\":\"string\",\"x-ms-permission\":\"read-only\",\"x-ms-sort\":\"none\"},\"{Path}\":{\"title\":\"Folder path\",\"description\":\"Path to the folder the item is in, relative to the site address.\",\"type\":\"string\",\"x-ms-permission\":\"read-only\",\"x-ms-sort\":\"none\"},\"{FullPath}\":{\"title\":\"Full Path\",\"description\":\"Full path of an item or a folder or a file\",\"type\":\"string\",\"x-ms-permission\":\"read-only\",\"x-ms-sort\":\"none\"},\"{ModerationStatus}\":{\"title\":\"Content approval status\",\"description\":\"The content approval status. It can be one of the following: Draft, Pending, Approved, or Rejected\",\"type\":\"string\",\"x-ms-permission\":\"read-only\",\"x-ms-sort\":\"none\"},\"{ModerationComment}\":{\"title\":\"Comments associated with the content approval of this list item\",\"description\":\"The comments associated with moderation of the list item.\",\"type\":\"string\",\"x-ms-permission\":\"read-only\",\"x-ms-sort\":\"none\"},\"{ContentType}#Id\":{\"title\":\"Content type Id\",\"type\":\"string\",\"x-ms-permission\":\"read-only\",\"x-ms-visibility\":\"internal\"},\"{ContentType}\":{\"title\":\"Content type\",\"description\":\"Name of the Content type of the item.\",\"type\":\"object\",\"x-ms-permission\":\"read-write\",\"x-ms-sort\":\"none\",\"properties\":{\"@odata.type\":{\"title\":\"@odata.type\",\"x-ms-visibility\":\"internal\",\"type\":\"string\",\"x-ms-permission\":\"read-write\"},\"Id\":{\"title\":\"Id\",\"type\":\"string\",\"x-ms-dynamic-values\":{\"operationId\":\"GetEntityValues\",\"parameters\":{\"dataset\":{\"parameter\":\"dataset\"},\"table\":{\"parameter\":\"table\"},\"id\":\"4651e8f2-38c9-4ad0-8def-41f743f76f30\"},\"value-path\":\"Id\",\"value-title\":\"Name\",\"value-collection\":\"value\"}},\"Name\":{\"title\":\"Name\",\"type\":\"string\",\"x-ms-permission\":\"read-only\"}},\"x-ms-displayFormat\":{\"titleProperty\":\"Name\"}},\"{HasAttachments}\":{\"title\":\"Has attachments\",\"description\":\"Indicates the presence of attachments in the item.\",\"type\":\"boolean\",\"x-ms-permission\":\"read-only\",\"x-ms-sort\":\"none\"},\"{Attachments}@odata.type\":{\"title\":\"{Attachments}\",\"type\":\"string\",\"x-ms-visibility\":\"internal\",\"x-ms-permission\":\"read-write\"},\"{Attachments}\":{\"title\":\"Attachments\",\"description\":\"Never returns any data. Use Attachment endpoints to access item attachments.\",\"x-ms-permission\":\"read-write\",\"targetEntity\":\"attachments\",\"format\":\"x-ms-containedMediaEntity\",\"x-ms-visibility\":\"internal\",\"type\":\"array\",\"items\":{\"type\":\"object\",\"format\":\"x-ms-mediaEntity\",\"x-ms-sort\":\"none\",\"properties\":{\"@odata.type\":{\"title\":\"@odata.type\",\"x-ms-visibility\":\"internal\",\"type\":\"string\",\"x-ms-permission\":\"read-write\"},\"Id\":{\"title\":\"Id\",\"type\":\"string\",\"x-ms-keyType\":\"primary\",\"x-ms-keyOrder\":1,\"x-ms-permission\":\"read-only\"},\"AbsoluteUri\":{\"title\":\"AbsoluteUri\",\"type\":\"string\",\"format\":\"uri\",\"x-ms-permission\":\"read-only\"},\"DisplayName\":{\"title\":\"DisplayName\",\"type\":\"string\",\"x-ms-permission\":\"read-only\"}}},\"@odata.type\":\"#Collection(Microsoft.Azure.Connectors.SharePoint.SPListItemAttachment)\"},\"{VersionNumber}\":{\"title\":\"Version number\",\"description\":\"The version number of the file or the list item.\",\"type\":\"string\",\"x-ms-permission\":\"read-only\",\"x-ms-sort\":\"none\"},\"{TriggerWindowStartToken}\":{\"title\":\"Trigger Window Start Token\",\"description\":\"A token expressing the time of the last flow check. Use this if you want to check if one or more columns were modified since the last flow check.\",\"type\":\"string\",\"x-ms-permission\":\"read-only\",\"x-ms-sort\":\"none\"},\"{TriggerWindowEndToken}\":{\"title\":\"Trigger Window End Token\",\"description\":\"A token expressing the time of the current flow check. Use this if you want to check if one or more columns were modified since the last flow check.\",\"type\":\"string\",\"x-ms-permission\":\"read-only\",\"x-ms-sort\":\"none\"}},\"x-ms-relationships\":{\"TipoUsuario\":{\"targetEntity\":\"TipoUsuario\",\"referentialConstraints\":{\"TipoUsuario#Id\":{\"referencedProperty\":\"Id\"}}},\"Author\":{\"targetEntity\":\"Author\",\"referentialConstraints\":{\"Author#Claims\":{\"referencedProperty\":\"Claims\"}}},\"Editor\":{\"targetEntity\":\"Editor\",\"referentialConstraints\":{\"Editor#Claims\":{\"referencedProperty\":\"Claims\"}}},\"{ContentType}\":{\"targetEntity\":\"4651e8f2-38c9-4ad0-8def-41f743f76f30\",\"referentialConstraints\":{\"{ContentType}#Id\":{\"referencedProperty\":\"Id\"}}}},\"x-ms-displayFormat\":{\"propertiesDisplayOrder\":[\"Title\",\"NombreUsuario\",\"Correo\",\"TipoUsuario\",\"Notificaciones\",\"{Attachments}\"],\"propertiesCompactDisplayOrder\":[\"Title\",\"ID\",\"NombreUsuario\",\"Correo\",\"TipoUsuario\",\"Notificaciones\"],\"propertiesTabularDisplayOrder\":[\"Title\",\"ID\",\"NombreUsuario\",\"Correo\",\"TipoUsuario\",\"Notificaciones\"]}}},\"referencedEntities\":{\"TipoUsuario\":{\"lookupEndpoint\":{\"path\":\"/tables/e04bcf76-a38e-498b-b7bb-baefbd2cb2c8/entities/TipoUsuario\",\"capabilities\":{\"searchable\":true,\"requiresSearch\":false}}},\"Author\":{\"lookupEndpoint\":{\"path\":\"/tables/e04bcf76-a38e-498b-b7bb-baefbd2cb2c8/entities/Author\",\"capabilities\":{\"searchable\":true,\"requiresSearch\":false}}},\"Editor\":{\"lookupEndpoint\":{\"path\":\"/tables/e04bcf76-a38e-498b-b7bb-baefbd2cb2c8/entities/Editor\",\"capabilities\":{\"searchable\":true,\"requiresSearch\":false}}},\"4651e8f2-38c9-4ad0-8def-41f743f76f30\":{\"lookupEndpoint\":{\"path\":\"/tables/e04bcf76-a38e-498b-b7bb-baefbd2cb2c8/entities/%257bContentType%257d\",\"capabilities\":{\"searchable\":true,\"requiresSearch\":false}}}},\"webUrl\":\"https://universidadmag.sharepoint.com/sites/DesarrolloSoftware/Lists/TbUsuarioSQL/AllItems.aspx\"}"
      },
      "ConnectedDataSourceInfoNameMapping": {
        "{ModerationComment}": "Comments associated with the content approval of this list item",
        "{VersionNumber}": "Version number",
        "{Thumbnail}": "Miniatura",
        "Notificaciones": "Notificaciones",
        "{Name}": "Name",
        "TipoUsuario": "TipoUsuario",
        "ID": "ID",
        "{TriggerWindowEndToken}": "Trigger Window End Token",
        "Editor": "Modified By",
        "{ContentType}": "Content type",
        "Editor#Claims": "Modified By Claims",
        "Title": "Title",
        "Author": "Created By",
        "{TriggerWindowStartToken}": "Trigger Window Start Token",
        "{ContentType}#Id": "Content type Id",
        "{Identifier}": "Identifier",
        "{HasAttachments}": "Has attachments",
        "Modified": "Modified",
        "{ModerationStatus}": "Content approval status",
        "TipoUsuario#Id": "TipoUsuario Id",
        "Created": "Created",
        "{FullPath}": "Full Path",
        "ComplianceAssetId": "Compliance Asset Id",
        "OData__ColorTag": "Color Tag",
        "{Path}": "Folder path",
        "Author#Claims": "Created By Claims",
        "{Link}": "Link to item",
        "{Attachments}@odata.type": "{Attachments} ({Attachments}@odata.type)",
        "{FilenameWithExtension}": "File name with extension",
        "{Attachments}": "Attachments",
        "Correo": "Correo",
        "{IsFolder}": "IsFolder",
        "NombreUsuario": "NombreUsuario"
      }
    }
  ]
}