{
  "Resources": [
    {
      "Name": "SampleImage",
      "Schema": "i",
      "IsSampleData": true,
      "IsWritable": false,
      "Type": "ResourceInfo",
      "FileName": "/ctrllib/image/images/SampleImage.svg",
      "Path": "/ctrllib/image/images/SampleImage.svg",
      "Content": "Image",
      "ResourceKind": "Uri",
      "RootPath": "ms-appx:///ctrllib/image/images/SampleImage.svg"
    },
    {
      "Name": "Loading",
      "Schema": "i",
      "IsSampleData": false,
      "IsWritable": false,
      "Type": "ResourceInfo",
      "FileName": "533ca710-c897-452f-a547-86036c6cec32.gif",
      "Path": "Assets\\Images\\533ca710-c897-452f-a547-86036c6cec32.gif",
      "Content": "Image",
      "ResourceKind": "LocalFile",
      "RootPath": "https://dsprdil301weu.blob.core.windows.net/0d7f30ee-6f36-4c4b-9e0d-f516f450c9a0-1/resource/NTMzY2E3MTAtYzg5Ny00NTJmLWE1NDctODYwMzZjNmNlYzMy.gif?skoid=58690ece-ec83-4ce2-9ce8-883d4d6a54ee&sktid=975f013f-7f24-47e8-a7d3-abc4752bf346&skt=2025-10-04T14%3A18%3A44Z&ske=2025-10-05T14%3A33%3A44Z&sks=b&skv=2023-01-03&sv=2023-01-03&spr=https&se=2025-10-05T14%3A33%3A44Z&sr=b&sp=r&sig=aBAAEZ9wZFwCgoUE%2Be90NT0NCF9ht5rW4rUkx4IpePs%3D"
    }
  ]
}